,Year,Month,Day,Phase
0,1979,9,1,1
1,1979,9,2,1
2,1979,9,3,1
3,1979,9,4,1
4,1979,9,5,1
5,1979,9,6,1
6,1979,9,7,1
7,1979,9,8,2
8,1979,9,9,2
9,1979,9,10,1
10,1979,9,11,1
11,1979,9,12,2
12,1979,9,13,1
13,1979,9,14,1
14,1979,9,15,1
15,1979,9,16,2
16,1979,9,17,2
17,1979,9,18,2
18,1979,9,19,3
19,1979,9,20,3
20,1979,9,21,3
21,1979,9,22,4
22,1979,9,23,4
23,1979,9,24,4
24,1979,9,25,4
25,1979,9,26,5
26,1979,9,27,5
27,1979,9,28,5
28,1979,9,29,5
29,1979,9,30,5
30,1979,10,1,5
31,1979,10,2,5
32,1979,10,3,5
33,1979,10,4,5
34,1979,10,5,5
35,1979,10,6,6
36,1979,10,7,6
37,1979,10,8,6
38,1979,10,9,6
39,1979,10,10,6
40,1979,10,11,6
41,1979,10,12,6
42,1979,10,13,6
43,1979,10,14,6
44,1979,10,15,7
45,1979,10,16,7
46,1979,10,17,7
47,1979,10,18,8
48,1979,10,19,8
49,1979,10,20,8
50,1979,10,21,8
51,1979,10,22,8
52,1979,10,23,1
53,1979,10,24,1
54,1979,10,25,1
55,1979,10,26,1
56,1979,10,27,1
57,1979,10,28,1
58,1979,10,29,1
59,1979,10,30,1
60,1979,10,31,2
61,1979,11,1,2
62,1979,11,2,2
63,1979,11,3,2
64,1979,11,4,2
65,1979,11,5,3
66,1979,11,6,3
67,1979,11,7,3
68,1979,11,8,2
69,1979,11,9,3
70,1979,11,10,3
71,1979,11,11,2
72,1979,11,12,2
73,1979,11,13,2
74,1979,11,14,2
75,1979,11,15,2
76,1979,11,16,2
77,1979,11,17,3
78,1979,11,18,3
79,1979,11,19,3
80,1979,11,20,3
81,1979,11,21,3
82,1979,11,22,3
83,1979,11,23,3
84,1979,11,24,3
85,1979,11,25,3
86,1979,11,26,4
87,1979,11,27,4
88,1979,11,28,4
89,1979,11,29,4
90,1979,11,30,4
91,1980,9,1,4
92,1980,9,2,4
93,1980,9,3,4
94,1980,9,4,5
95,1980,9,5,5
96,1980,9,6,5
97,1980,9,7,5
98,1980,9,8,5
99,1980,9,9,5
100,1980,9,10,5
101,1980,9,11,6
102,1980,9,12,6
103,1980,9,13,6
104,1980,9,14,6
105,1980,9,15,7
106,1980,9,16,7
107,1980,9,17,8
108,1980,9,18,1
109,1980,9,19,1
110,1980,9,20,1
111,1980,9,21,1
112,1980,9,22,1
113,1980,9,23,1
114,1980,9,24,1
115,1980,9,25,1
116,1980,9,26,8
117,1980,9,27,8
118,1980,9,28,8
119,1980,9,29,8
120,1980,9,30,8
121,1980,10,1,7
122,1980,10,2,7
123,1980,10,3,7
124,1980,10,4,2
125,1980,10,5,2
126,1980,10,6,2
127,1980,10,7,2
128,1980,10,8,2
129,1980,10,9,2
130,1980,10,10,2
131,1980,10,11,2
132,1980,10,12,3
133,1980,10,13,3
134,1980,10,14,3
135,1980,10,15,3
136,1980,10,16,3
137,1980,10,17,4
138,1980,10,18,4
139,1980,10,19,5
140,1980,10,20,5
141,1980,10,21,5
142,1980,10,22,5
143,1980,10,23,5
144,1980,10,24,5
145,1980,10,25,5
146,1980,10,26,5
147,1980,10,27,6
148,1980,10,28,6
149,1980,10,29,6
150,1980,10,30,7
151,1980,10,31,7
152,1980,11,1,7
153,1980,11,2,7
154,1980,11,3,7
155,1980,11,4,7
156,1980,11,5,8
157,1980,11,6,8
158,1980,11,7,8
159,1980,11,8,8
160,1980,11,9,8
161,1980,11,10,1
162,1980,11,11,1
163,1980,11,12,1
164,1980,11,13,2
165,1980,11,14,2
166,1980,11,15,2
167,1980,11,16,2
168,1980,11,17,2
169,1980,11,18,2
170,1980,11,19,2
171,1980,11,20,3
172,1980,11,21,3
173,1980,11,22,4
174,1980,11,23,3
175,1980,11,24,4
176,1980,11,25,6
177,1980,11,26,8
178,1980,11,27,8
179,1980,11,28,1
180,1980,11,29,1
181,1980,11,30,2
182,1981,9,1,2
183,1981,9,2,2
184,1981,9,3,2
185,1981,9,4,2
186,1981,9,5,2
187,1981,9,6,2
188,1981,9,7,2
189,1981,9,8,2
190,1981,9,9,2
191,1981,9,10,2
192,1981,9,11,2
193,1981,9,12,2
194,1981,9,13,2
195,1981,9,14,3
196,1981,9,15,3
197,1981,9,16,4
198,1981,9,17,4
199,1981,9,18,4
200,1981,9,19,5
201,1981,9,20,5
202,1981,9,21,5
203,1981,9,22,5
204,1981,9,23,5
205,1981,9,24,5
206,1981,9,25,5
207,1981,9,26,5
208,1981,9,27,5
209,1981,9,28,5
210,1981,9,29,6
211,1981,9,30,6
212,1981,10,1,6
213,1981,10,2,7
214,1981,10,3,7
215,1981,10,4,8
216,1981,10,5,8
217,1981,10,6,8
218,1981,10,7,1
219,1981,10,8,1
220,1981,10,9,1
221,1981,10,10,1
222,1981,10,11,1
223,1981,10,12,1
224,1981,10,13,1
225,1981,10,14,1
226,1981,10,15,4
227,1981,10,16,5
228,1981,10,17,6
229,1981,10,18,6
230,1981,10,19,6
231,1981,10,20,5
232,1981,10,21,3
233,1981,10,22,3
234,1981,10,23,2
235,1981,10,24,2
236,1981,10,25,2
237,1981,10,26,2
238,1981,10,27,2
239,1981,10,28,3
240,1981,10,29,2
241,1981,10,30,3
242,1981,10,31,2
243,1981,11,1,2
244,1981,11,2,3
245,1981,11,3,4
246,1981,11,4,4
247,1981,11,5,4
248,1981,11,6,4
249,1981,11,7,4
250,1981,11,8,4
251,1981,11,9,3
252,1981,11,10,4
253,1981,11,11,4
254,1981,11,12,4
255,1981,11,13,6
256,1981,11,14,7
257,1981,11,15,7
258,1981,11,16,7
259,1981,11,17,8
260,1981,11,18,1
261,1981,11,19,1
262,1981,11,20,2
263,1981,11,21,2
264,1981,11,22,3
265,1981,11,23,4
266,1981,11,24,4
267,1981,11,25,4
268,1981,11,26,3
269,1981,11,27,3
270,1981,11,28,4
271,1981,11,29,4
272,1981,11,30,5
273,1982,9,1,6
274,1982,9,2,6
275,1982,9,3,6
276,1982,9,4,6
277,1982,9,5,6
278,1982,9,6,6
279,1982,9,7,6
280,1982,9,8,5
281,1982,9,9,5
282,1982,9,10,5
283,1982,9,11,4
284,1982,9,12,4
285,1982,9,13,7
286,1982,9,14,7
287,1982,9,15,7
288,1982,9,16,1
289,1982,9,17,1
290,1982,9,18,1
291,1982,9,19,1
292,1982,9,20,1
293,1982,9,21,1
294,1982,9,22,1
295,1982,9,23,2
296,1982,9,24,2
297,1982,9,25,2
298,1982,9,26,1
299,1982,9,27,2
300,1982,9,28,1
301,1982,9,29,1
302,1982,9,30,1
303,1982,10,1,1
304,1982,10,2,1
305,1982,10,3,1
306,1982,10,4,8
307,1982,10,5,8
308,1982,10,6,7
309,1982,10,7,7
310,1982,10,8,7
311,1982,10,9,7
312,1982,10,10,8
313,1982,10,11,8
314,1982,10,12,8
315,1982,10,13,8
316,1982,10,14,8
317,1982,10,15,2
318,1982,10,16,3
319,1982,10,17,3
320,1982,10,18,3
321,1982,10,19,2
322,1982,10,20,2
323,1982,10,21,2
324,1982,10,22,1
325,1982,10,23,1
326,1982,10,24,1
327,1982,10,25,2
328,1982,10,26,2
329,1982,10,27,2
330,1982,10,28,2
331,1982,10,29,2
332,1982,10,30,2
333,1982,10,31,2
334,1982,11,1,2
335,1982,11,2,2
336,1982,11,3,2
337,1982,11,4,3
338,1982,11,5,3
339,1982,11,6,4
340,1982,11,7,4
341,1982,11,8,5
342,1982,11,9,5
343,1982,11,10,5
344,1982,11,11,6
345,1982,11,12,7
346,1982,11,13,7
347,1982,11,14,7
348,1982,11,15,7
349,1982,11,16,7
350,1982,11,17,8
351,1982,11,18,8
352,1982,11,19,8
353,1982,11,20,8
354,1982,11,21,8
355,1982,11,22,1
356,1982,11,23,1
357,1982,11,24,1
358,1982,11,25,2
359,1982,11,26,2
360,1982,11,27,3
361,1982,11,28,3
362,1982,11,29,3
363,1982,11,30,3
364,1983,9,1,2
365,1983,9,2,2
366,1983,9,3,1
367,1983,9,4,1
368,1983,9,5,1
369,1983,9,6,2
370,1983,9,7,2
371,1983,9,8,2
372,1983,9,9,2
373,1983,9,10,2
374,1983,9,11,2
375,1983,9,12,2
376,1983,9,13,2
377,1983,9,14,2
378,1983,9,15,3
379,1983,9,16,3
380,1983,9,17,3
381,1983,9,18,4
382,1983,9,19,4
383,1983,9,20,4
384,1983,9,21,4
385,1983,9,22,4
386,1983,9,23,4
387,1983,9,24,4
388,1983,9,25,5
389,1983,9,26,5
390,1983,9,27,5
391,1983,9,28,5
392,1983,9,29,5
393,1983,9,30,5
394,1983,10,1,5
395,1983,10,2,5
396,1983,10,3,5
397,1983,10,4,5
398,1983,10,5,5
399,1983,10,6,5
400,1983,10,7,5
401,1983,10,8,5
402,1983,10,9,5
403,1983,10,10,6
404,1983,10,11,6
405,1983,10,12,6
406,1983,10,13,8
407,1983,10,14,8
408,1983,10,15,1
409,1983,10,16,1
410,1983,10,17,2
411,1983,10,18,2
412,1983,10,19,2
413,1983,10,20,2
414,1983,10,21,2
415,1983,10,22,3
416,1983,10,23,4
417,1983,10,24,5
418,1983,10,25,5
419,1983,10,26,5
420,1983,10,27,6
421,1983,10,28,6
422,1983,10,29,6
423,1983,10,30,5
424,1983,10,31,5
425,1983,11,1,5
426,1983,11,2,6
427,1983,11,3,6
428,1983,11,4,6
429,1983,11,5,7
430,1983,11,6,7
431,1983,11,7,7
432,1983,11,8,8
433,1983,11,9,8
434,1983,11,10,8
435,1983,11,11,8
436,1983,11,12,6
437,1983,11,13,5
438,1983,11,14,5
439,1983,11,15,5
440,1983,11,16,5
441,1983,11,17,6
442,1983,11,18,6
443,1983,11,19,6
444,1983,11,20,6
445,1983,11,21,6
446,1983,11,22,6
447,1983,11,23,7
448,1983,11,24,7
449,1983,11,25,7
450,1983,11,26,7
451,1983,11,27,7
452,1983,11,28,7
453,1983,11,29,7
454,1983,11,30,7
455,1984,9,1,2
456,1984,9,2,2
457,1984,9,3,2
458,1984,9,4,1
459,1984,9,5,1
460,1984,9,6,1
461,1984,9,7,1
462,1984,9,8,8
463,1984,9,9,8
464,1984,9,10,8
465,1984,9,11,8
466,1984,9,12,8
467,1984,9,13,8
468,1984,9,14,7
469,1984,9,15,7
470,1984,9,16,7
471,1984,9,17,8
472,1984,9,18,8
473,1984,9,19,8
474,1984,9,20,8
475,1984,9,21,8
476,1984,9,22,8
477,1984,9,23,1
478,1984,9,24,2
479,1984,9,25,3
480,1984,9,26,4
481,1984,9,27,4
482,1984,9,28,5
483,1984,9,29,5
484,1984,9,30,5
485,1984,10,1,5
486,1984,10,2,5
487,1984,10,3,5
488,1984,10,4,5
489,1984,10,5,5
490,1984,10,6,5
491,1984,10,7,4
492,1984,10,8,4
493,1984,10,9,4
494,1984,10,10,5
495,1984,10,11,5
496,1984,10,12,5
497,1984,10,13,6
498,1984,10,14,7
499,1984,10,15,7
500,1984,10,16,7
501,1984,10,17,7
502,1984,10,18,7
503,1984,10,19,7
504,1984,10,20,7
505,1984,10,21,7
506,1984,10,22,7
507,1984,10,23,7
508,1984,10,24,8
509,1984,10,25,7
510,1984,10,26,7
511,1984,10,27,8
512,1984,10,28,8
513,1984,10,29,8
514,1984,10,30,8
515,1984,10,31,8
516,1984,11,1,1
517,1984,11,2,1
518,1984,11,3,1
519,1984,11,4,1
520,1984,11,5,1
521,1984,11,6,1
522,1984,11,7,1
523,1984,11,8,1
524,1984,11,9,1
525,1984,11,10,1
526,1984,11,11,1
527,1984,11,12,2
528,1984,11,13,2
529,1984,11,14,2
530,1984,11,15,2
531,1984,11,16,2
532,1984,11,17,3
533,1984,11,18,3
534,1984,11,19,3
535,1984,11,20,3
536,1984,11,21,3
537,1984,11,22,3
538,1984,11,23,3
539,1984,11,24,2
540,1984,11,25,2
541,1984,11,26,2
542,1984,11,27,2
543,1984,11,28,2
544,1984,11,29,3
545,1984,11,30,3
546,1985,9,1,4
547,1985,9,2,5
548,1985,9,3,8
549,1985,9,4,1
550,1985,9,5,2
551,1985,9,6,1
552,1985,9,7,1
553,1985,9,8,1
554,1985,9,9,2
555,1985,9,10,2
556,1985,9,11,2
557,1985,9,12,3
558,1985,9,13,3
559,1985,9,14,1
560,1985,9,15,8
561,1985,9,16,7
562,1985,9,17,8
563,1985,9,18,1
564,1985,9,19,1
565,1985,9,20,1
566,1985,9,21,8
567,1985,9,22,8
568,1985,9,23,8
569,1985,9,24,8
570,1985,9,25,8
571,1985,9,26,8
572,1985,9,27,8
573,1985,9,28,1
574,1985,9,29,1
575,1985,9,30,1
576,1985,10,1,1
577,1985,10,2,1
578,1985,10,3,2
579,1985,10,4,2
580,1985,10,5,2
581,1985,10,6,2
582,1985,10,7,2
583,1985,10,8,2
584,1985,10,9,3
585,1985,10,10,3
586,1985,10,11,5
587,1985,10,12,6
588,1985,10,13,6
589,1985,10,14,6
590,1985,10,15,6
591,1985,10,16,6
592,1985,10,17,6
593,1985,10,18,6
594,1985,10,19,7
595,1985,10,20,7
596,1985,10,21,7
597,1985,10,22,7
598,1985,10,23,8
599,1985,10,24,8
600,1985,10,25,8
601,1985,10,26,8
602,1985,10,27,8
603,1985,10,28,8
604,1985,10,29,8
605,1985,10,30,1
606,1985,10,31,1
607,1985,11,1,1
608,1985,11,2,1
609,1985,11,3,2
610,1985,11,4,2
611,1985,11,5,2
612,1985,11,6,3
613,1985,11,7,3
614,1985,11,8,3
615,1985,11,9,3
616,1985,11,10,4
617,1985,11,11,4
618,1985,11,12,4
619,1985,11,13,4
620,1985,11,14,5
621,1985,11,15,5
622,1985,11,16,5
623,1985,11,17,6
624,1985,11,18,6
625,1985,11,19,6
626,1985,11,20,6
627,1985,11,21,6
628,1985,11,22,6
629,1985,11,23,7
630,1985,11,24,7
631,1985,11,25,7
632,1985,11,26,7
633,1985,11,27,7
634,1985,11,28,7
635,1985,11,29,7
636,1985,11,30,8
637,1986,9,1,2
638,1986,9,2,3
639,1986,9,3,3
640,1986,9,4,3
641,1986,9,5,3
642,1986,9,6,3
643,1986,9,7,3
644,1986,9,8,3
645,1986,9,9,4
646,1986,9,10,4
647,1986,9,11,4
648,1986,9,12,5
649,1986,9,13,5
650,1986,9,14,5
651,1986,9,15,5
652,1986,9,16,6
653,1986,9,17,6
654,1986,9,18,6
655,1986,9,19,6
656,1986,9,20,6
657,1986,9,21,7
658,1986,9,22,7
659,1986,9,23,8
660,1986,9,24,8
661,1986,9,25,1
662,1986,9,26,1
663,1986,9,27,1
664,1986,9,28,1
665,1986,9,29,2
666,1986,9,30,2
667,1986,10,1,2
668,1986,10,2,1
669,1986,10,3,1
670,1986,10,4,2
671,1986,10,5,2
672,1986,10,6,1
673,1986,10,7,1
674,1986,10,8,8
675,1986,10,9,1
676,1986,10,10,2
677,1986,10,11,2
678,1986,10,12,2
679,1986,10,13,2
680,1986,10,14,1
681,1986,10,15,2
682,1986,10,16,3
683,1986,10,17,4
684,1986,10,18,3
685,1986,10,19,3
686,1986,10,20,3
687,1986,10,21,2
688,1986,10,22,2
689,1986,10,23,2
690,1986,10,24,2
691,1986,10,25,2
692,1986,10,26,2
693,1986,10,27,3
694,1986,10,28,3
695,1986,10,29,3
696,1986,10,30,3
697,1986,10,31,3
698,1986,11,1,3
699,1986,11,2,3
700,1986,11,3,3
701,1986,11,4,4
702,1986,11,5,4
703,1986,11,6,4
704,1986,11,7,4
705,1986,11,8,4
706,1986,11,9,4
707,1986,11,10,4
708,1986,11,11,5
709,1986,11,12,5
710,1986,11,13,5
711,1986,11,14,6
712,1986,11,15,6
713,1986,11,16,7
714,1986,11,17,7
715,1986,11,18,7
716,1986,11,19,7
717,1986,11,20,7
718,1986,11,21,8
719,1986,11,22,8
720,1986,11,23,8
721,1986,11,24,8
722,1986,11,25,1
723,1986,11,26,1
724,1986,11,27,1
725,1986,11,28,1
726,1986,11,29,1
727,1986,11,30,1
728,1987,9,1,5
729,1987,9,2,5
730,1987,9,3,5
731,1987,9,4,5
732,1987,9,5,5
733,1987,9,6,6
734,1987,9,7,6
735,1987,9,8,5
736,1987,9,9,5
737,1987,9,10,4
738,1987,9,11,4
739,1987,9,12,4
740,1987,9,13,4
741,1987,9,14,4
742,1987,9,15,4
743,1987,9,16,3
744,1987,9,17,2
745,1987,9,18,2
746,1987,9,19,2
747,1987,9,20,2
748,1987,9,21,2
749,1987,9,22,2
750,1987,9,23,3
751,1987,9,24,3
752,1987,9,25,2
753,1987,9,26,3
754,1987,9,27,3
755,1987,9,28,3
756,1987,9,29,4
757,1987,9,30,4
758,1987,10,1,4
759,1987,10,2,4
760,1987,10,3,4
761,1987,10,4,4
762,1987,10,5,3
763,1987,10,6,4
764,1987,10,7,4
765,1987,10,8,4
766,1987,10,9,4
767,1987,10,10,3
768,1987,10,11,3
769,1987,10,12,3
770,1987,10,13,4
771,1987,10,14,4
772,1987,10,15,5
773,1987,10,16,5
774,1987,10,17,5
775,1987,10,18,5
776,1987,10,19,5
777,1987,10,20,5
778,1987,10,21,5
779,1987,10,22,5
780,1987,10,23,4
781,1987,10,24,3
782,1987,10,25,3
783,1987,10,26,3
784,1987,10,27,2
785,1987,10,28,2
786,1987,10,29,2
787,1987,10,30,2
788,1987,10,31,2
789,1987,11,1,2
790,1987,11,2,3
791,1987,11,3,3
792,1987,11,4,3
793,1987,11,5,4
794,1987,11,6,4
795,1987,11,7,4
796,1987,11,8,4
797,1987,11,9,4
798,1987,11,10,4
799,1987,11,11,4
800,1987,11,12,4
801,1987,11,13,5
802,1987,11,14,5
803,1987,11,15,5
804,1987,11,16,6
805,1987,11,17,6
806,1987,11,18,6
807,1987,11,19,6
808,1987,11,20,6
809,1987,11,21,6
810,1987,11,22,6
811,1987,11,23,6
812,1987,11,24,6
813,1987,11,25,6
814,1987,11,26,6
815,1987,11,27,6
816,1987,11,28,7
817,1987,11,29,7
818,1987,11,30,6
819,1988,9,1,1
820,1988,9,2,1
821,1988,9,3,1
822,1988,9,4,1
823,1988,9,5,8
824,1988,9,6,8
825,1988,9,7,8
826,1988,9,8,1
827,1988,9,9,1
828,1988,9,10,2
829,1988,9,11,1
830,1988,9,12,5
831,1988,9,13,5
832,1988,9,14,5
833,1988,9,15,4
834,1988,9,16,4
835,1988,9,17,3
836,1988,9,18,3
837,1988,9,19,4
838,1988,9,20,4
839,1988,9,21,4
840,1988,9,22,4
841,1988,9,23,4
842,1988,9,24,4
843,1988,9,25,4
844,1988,9,26,4
845,1988,9,27,5
846,1988,9,28,5
847,1988,9,29,5
848,1988,9,30,5
849,1988,10,1,5
850,1988,10,2,5
851,1988,10,3,5
852,1988,10,4,5
853,1988,10,5,5
854,1988,10,6,6
855,1988,10,7,6
856,1988,10,8,6
857,1988,10,9,6
858,1988,10,10,6
859,1988,10,11,6
860,1988,10,12,6
861,1988,10,13,6
862,1988,10,14,6
863,1988,10,15,6
864,1988,10,16,6
865,1988,10,17,6
866,1988,10,18,6
867,1988,10,19,6
868,1988,10,20,6
869,1988,10,21,7
870,1988,10,22,7
871,1988,10,23,7
872,1988,10,24,7
873,1988,10,25,7
874,1988,10,26,7
875,1988,10,27,7
876,1988,10,28,7
877,1988,10,29,7
878,1988,10,30,7
879,1988,10,31,7
880,1988,11,1,7
881,1988,11,2,7
882,1988,11,3,6
883,1988,11,4,6
884,1988,11,5,6
885,1988,11,6,6
886,1988,11,7,5
887,1988,11,8,5
888,1988,11,9,5
889,1988,11,10,5
890,1988,11,11,6
891,1988,11,12,7
892,1988,11,13,7
893,1988,11,14,7
894,1988,11,15,8
895,1988,11,16,1
896,1988,11,17,2
897,1988,11,18,2
898,1988,11,19,3
899,1988,11,20,4
900,1988,11,21,4
901,1988,11,22,4
902,1988,11,23,4
903,1988,11,24,5
904,1988,11,25,5
905,1988,11,26,6
906,1988,11,27,6
907,1988,11,28,6
908,1988,11,29,7
909,1988,11,30,7
910,1989,9,1,1
911,1989,9,2,1
912,1989,9,3,1
913,1989,9,4,1
914,1989,9,5,8
915,1989,9,6,8
916,1989,9,7,8
917,1989,9,8,8
918,1989,9,9,8
919,1989,9,10,7
920,1989,9,11,7
921,1989,9,12,2
922,1989,9,13,2
923,1989,9,14,2
924,1989,9,15,2
925,1989,9,16,2
926,1989,9,17,2
927,1989,9,18,2
928,1989,9,19,2
929,1989,9,20,2
930,1989,9,21,2
931,1989,9,22,2
932,1989,9,23,2
933,1989,9,24,2
934,1989,9,25,2
935,1989,9,26,2
936,1989,9,27,2
937,1989,9,28,2
938,1989,9,29,2
939,1989,9,30,2
940,1989,10,1,2
941,1989,10,2,3
942,1989,10,3,4
943,1989,10,4,4
944,1989,10,5,4
945,1989,10,6,4
946,1989,10,7,4
947,1989,10,8,4
948,1989,10,9,4
949,1989,10,10,4
950,1989,10,11,4
951,1989,10,12,4
952,1989,10,13,4
953,1989,10,14,4
954,1989,10,15,4
955,1989,10,16,4
956,1989,10,17,4
957,1989,10,18,5
958,1989,10,19,5
959,1989,10,20,5
960,1989,10,21,5
961,1989,10,22,5
962,1989,10,23,5
963,1989,10,24,5
964,1989,10,25,5
965,1989,10,26,6
966,1989,10,27,6
967,1989,10,28,6
968,1989,10,29,7
969,1989,10,30,7
970,1989,10,31,8
971,1989,11,1,8
972,1989,11,2,8
973,1989,11,3,8
974,1989,11,4,7
975,1989,11,5,8
976,1989,11,6,8
977,1989,11,7,8
978,1989,11,8,8
979,1989,11,9,8
980,1989,11,10,8
981,1989,11,11,1
982,1989,11,12,1
983,1989,11,13,5
984,1989,11,14,4
985,1989,11,15,5
986,1989,11,16,6
987,1989,11,17,6
988,1989,11,18,5
989,1989,11,19,6
990,1989,11,20,5
991,1989,11,21,6
992,1989,11,22,6
993,1989,11,23,6
994,1989,11,24,6
995,1989,11,25,7
996,1989,11,26,7
997,1989,11,27,7
998,1989,11,28,7
999,1989,11,29,7
1000,1989,11,30,8
1001,1990,9,1,3
1002,1990,9,2,3
1003,1990,9,3,3
1004,1990,9,4,3
1005,1990,9,5,2
1006,1990,9,6,2
1007,1990,9,7,8
1008,1990,9,8,1
1009,1990,9,9,1
1010,1990,9,10,1
1011,1990,9,11,1
1012,1990,9,12,1
1013,1990,9,13,2
1014,1990,9,14,2
1015,1990,9,15,2
1016,1990,9,16,2
1017,1990,9,17,2
1018,1990,9,18,3
1019,1990,9,19,3
1020,1990,9,20,2
1021,1990,9,21,2
1022,1990,9,22,3
1023,1990,9,23,2
1024,1990,9,24,2
1025,1990,9,25,3
1026,1990,9,26,3
1027,1990,9,27,3
1028,1990,9,28,3
1029,1990,9,29,3
1030,1990,9,30,3
1031,1990,10,1,4
1032,1990,10,2,5
1033,1990,10,3,5
1034,1990,10,4,6
1035,1990,10,5,6
1036,1990,10,6,6
1037,1990,10,7,7
1038,1990,10,8,1
1039,1990,10,9,1
1040,1990,10,10,1
1041,1990,10,11,1
1042,1990,10,12,1
1043,1990,10,13,1
1044,1990,10,14,1
1045,1990,10,15,1
1046,1990,10,16,1
1047,1990,10,17,1
1048,1990,10,18,2
1049,1990,10,19,2
1050,1990,10,20,2
1051,1990,10,21,2
1052,1990,10,22,1
1053,1990,10,23,1
1054,1990,10,24,1
1055,1990,10,25,2
1056,1990,10,26,2
1057,1990,10,27,2
1058,1990,10,28,2
1059,1990,10,29,2
1060,1990,10,30,2
1061,1990,10,31,3
1062,1990,11,1,3
1063,1990,11,2,3
1064,1990,11,3,3
1065,1990,11,4,3
1066,1990,11,5,4
1067,1990,11,6,4
1068,1990,11,7,4
1069,1990,11,8,4
1070,1990,11,9,5
1071,1990,11,10,5
1072,1990,11,11,5
1073,1990,11,12,6
1074,1990,11,13,6
1075,1990,11,14,7
1076,1990,11,15,7
1077,1990,11,16,7
1078,1990,11,17,7
1079,1990,11,18,7
1080,1990,11,19,7
1081,1990,11,20,8
1082,1990,11,21,8
1083,1990,11,22,8
1084,1990,11,23,8
1085,1990,11,24,8
1086,1990,11,25,8
1087,1990,11,26,7
1088,1990,11,27,7
1089,1990,11,28,7
1090,1990,11,29,7
1091,1990,11,30,7
1092,1991,9,1,6
1093,1991,9,2,6
1094,1991,9,3,5
1095,1991,9,4,5
1096,1991,9,5,5
1097,1991,9,6,5
1098,1991,9,7,6
1099,1991,9,8,6
1100,1991,9,9,6
1101,1991,9,10,6
1102,1991,9,11,7
1103,1991,9,12,7
1104,1991,9,13,7
1105,1991,9,14,7
1106,1991,9,15,7
1107,1991,9,16,7
1108,1991,9,17,8
1109,1991,9,18,8
1110,1991,9,19,8
1111,1991,9,20,8
1112,1991,9,21,8
1113,1991,9,22,8
1114,1991,9,23,8
1115,1991,9,24,1
1116,1991,9,25,8
1117,1991,9,26,1
1118,1991,9,27,8
1119,1991,9,28,8
1120,1991,9,29,8
1121,1991,9,30,8
1122,1991,10,1,8
1123,1991,10,2,8
1124,1991,10,3,1
1125,1991,10,4,1
1126,1991,10,5,1
1127,1991,10,6,1
1128,1991,10,7,1
1129,1991,10,8,2
1130,1991,10,9,2
1131,1991,10,10,2
1132,1991,10,11,2
1133,1991,10,12,3
1134,1991,10,13,3
1135,1991,10,14,3
1136,1991,10,15,3
1137,1991,10,16,3
1138,1991,10,17,3
1139,1991,10,18,3
1140,1991,10,19,3
1141,1991,10,20,3
1142,1991,10,21,4
1143,1991,10,22,4
1144,1991,10,23,4
1145,1991,10,24,4
1146,1991,10,25,4
1147,1991,10,26,5
1148,1991,10,27,5
1149,1991,10,28,5
1150,1991,10,29,5
1151,1991,10,30,6
1152,1991,10,31,7
1153,1991,11,1,7
1154,1991,11,2,7
1155,1991,11,3,6
1156,1991,11,4,6
1157,1991,11,5,7
1158,1991,11,6,7
1159,1991,11,7,7
1160,1991,11,8,7
1161,1991,11,9,7
1162,1991,11,10,7
1163,1991,11,11,7
1164,1991,11,12,7
1165,1991,11,13,8
1166,1991,11,14,8
1167,1991,11,15,8
1168,1991,11,16,8
1169,1991,11,17,8
1170,1991,11,18,8
1171,1991,11,19,1
1172,1991,11,20,1
1173,1991,11,21,1
1174,1991,11,22,1
1175,1991,11,23,8
1176,1991,11,24,7
1177,1991,11,25,7
1178,1991,11,26,7
1179,1991,11,27,7
1180,1991,11,28,7
1181,1991,11,29,7
1182,1991,11,30,7
1183,1992,9,1,5
1184,1992,9,2,5
1185,1992,9,3,6
1186,1992,9,4,6
1187,1992,9,5,6
1188,1992,9,6,6
1189,1992,9,7,6
1190,1992,9,8,7
1191,1992,9,9,7
1192,1992,9,10,7
1193,1992,9,11,7
1194,1992,9,12,7
1195,1992,9,13,7
1196,1992,9,14,8
1197,1992,9,15,8
1198,1992,9,16,7
1199,1992,9,17,8
1200,1992,9,18,8
1201,1992,9,19,8
1202,1992,9,20,8
1203,1992,9,21,1
1204,1992,9,22,1
1205,1992,9,23,2
1206,1992,9,24,2
1207,1992,9,25,2
1208,1992,9,26,2
1209,1992,9,27,2
1210,1992,9,28,2
1211,1992,9,29,2
1212,1992,9,30,3
1213,1992,10,1,3
1214,1992,10,2,3
1215,1992,10,3,3
1216,1992,10,4,3
1217,1992,10,5,3
1218,1992,10,6,3
1219,1992,10,7,3
1220,1992,10,8,3
1221,1992,10,9,4
1222,1992,10,10,4
1223,1992,10,11,4
1224,1992,10,12,4
1225,1992,10,13,4
1226,1992,10,14,4
1227,1992,10,15,4
1228,1992,10,16,4
1229,1992,10,17,5
1230,1992,10,18,5
1231,1992,10,19,5
1232,1992,10,20,5
1233,1992,10,21,5
1234,1992,10,22,5
1235,1992,10,23,5
1236,1992,10,24,6
1237,1992,10,25,6
1238,1992,10,26,6
1239,1992,10,27,6
1240,1992,10,28,7
1241,1992,10,29,7
1242,1992,10,30,7
1243,1992,10,31,7
1244,1992,11,1,7
1245,1992,11,2,7
1246,1992,11,3,7
1247,1992,11,4,8
1248,1992,11,5,8
1249,1992,11,6,8
1250,1992,11,7,8
1251,1992,11,8,8
1252,1992,11,9,1
1253,1992,11,10,1
1254,1992,11,11,1
1255,1992,11,12,1
1256,1992,11,13,1
1257,1992,11,14,2
1258,1992,11,15,2
1259,1992,11,16,2
1260,1992,11,17,2
1261,1992,11,18,7
1262,1992,11,19,7
1263,1992,11,20,7
1264,1992,11,21,7
1265,1992,11,22,7
1266,1992,11,23,8
1267,1992,11,24,8
1268,1992,11,25,8
1269,1992,11,26,1
1270,1992,11,27,1
1271,1992,11,28,1
1272,1992,11,29,1
1273,1992,11,30,1
1274,1993,9,1,2
1275,1993,9,2,2
1276,1993,9,3,2
1277,1993,9,4,3
1278,1993,9,5,3
1279,1993,9,6,3
1280,1993,9,7,2
1281,1993,9,8,3
1282,1993,9,9,2
1283,1993,9,10,2
1284,1993,9,11,2
1285,1993,9,12,3
1286,1993,9,13,3
1287,1993,9,14,4
1288,1993,9,15,6
1289,1993,9,16,6
1290,1993,9,17,5
1291,1993,9,18,2
1292,1993,9,19,1
1293,1993,9,20,8
1294,1993,9,21,8
1295,1993,9,22,1
1296,1993,9,23,1
1297,1993,9,24,3
1298,1993,9,25,3
1299,1993,9,26,4
1300,1993,9,27,4
1301,1993,9,28,4
1302,1993,9,29,4
1303,1993,9,30,4
1304,1993,10,1,4
1305,1993,10,2,4
1306,1993,10,3,4
1307,1993,10,4,4
1308,1993,10,5,4
1309,1993,10,6,4
1310,1993,10,7,4
1311,1993,10,8,5
1312,1993,10,9,6
1313,1993,10,10,6
1314,1993,10,11,6
1315,1993,10,12,7
1316,1993,10,13,8
1317,1993,10,14,1
1318,1993,10,15,1
1319,1993,10,16,1
1320,1993,10,17,7
1321,1993,10,18,7
1322,1993,10,19,7
1323,1993,10,20,6
1324,1993,10,21,6
1325,1993,10,22,7
1326,1993,10,23,7
1327,1993,10,24,7
1328,1993,10,25,8
1329,1993,10,26,8
1330,1993,10,27,8
1331,1993,10,28,8
1332,1993,10,29,8
1333,1993,10,30,1
1334,1993,10,31,1
1335,1993,11,1,1
1336,1993,11,2,1
1337,1993,11,3,2
1338,1993,11,4,2
1339,1993,11,5,2
1340,1993,11,6,2
1341,1993,11,7,2
1342,1993,11,8,3
1343,1993,11,9,3
1344,1993,11,10,4
1345,1993,11,11,4
1346,1993,11,12,4
1347,1993,11,13,5
1348,1993,11,14,5
1349,1993,11,15,5
1350,1993,11,16,5
1351,1993,11,17,3
1352,1993,11,18,2
1353,1993,11,19,1
1354,1993,11,20,1
1355,1993,11,21,1
1356,1993,11,22,2
1357,1993,11,23,2
1358,1993,11,24,2
1359,1993,11,25,2
1360,1993,11,26,3
1361,1993,11,27,2
1362,1993,11,28,2
1363,1993,11,29,3
1364,1993,11,30,3
1365,1994,9,1,4
1366,1994,9,2,4
1367,1994,9,3,4
1368,1994,9,4,5
1369,1994,9,5,5
1370,1994,9,6,5
1371,1994,9,7,5
1372,1994,9,8,6
1373,1994,9,9,6
1374,1994,9,10,6
1375,1994,9,11,6
1376,1994,9,12,7
1377,1994,9,13,7
1378,1994,9,14,6
1379,1994,9,15,6
1380,1994,9,16,6
1381,1994,9,17,6
1382,1994,9,18,7
1383,1994,9,19,7
1384,1994,9,20,7
1385,1994,9,21,7
1386,1994,9,22,7
1387,1994,9,23,8
1388,1994,9,24,8
1389,1994,9,25,8
1390,1994,9,26,8
1391,1994,9,27,8
1392,1994,9,28,8
1393,1994,9,29,8
1394,1994,9,30,8
1395,1994,10,1,8
1396,1994,10,2,8
1397,1994,10,3,1
1398,1994,10,4,1
1399,1994,10,5,1
1400,1994,10,6,1
1401,1994,10,7,1
1402,1994,10,8,1
1403,1994,10,9,1
1404,1994,10,10,1
1405,1994,10,11,1
1406,1994,10,12,1
1407,1994,10,13,1
1408,1994,10,14,1
1409,1994,10,15,1
1410,1994,10,16,1
1411,1994,10,17,1
1412,1994,10,18,1
1413,1994,10,19,1
1414,1994,10,20,1
1415,1994,10,21,2
1416,1994,10,22,2
1417,1994,10,23,2
1418,1994,10,24,3
1419,1994,10,25,3
1420,1994,10,26,3
1421,1994,10,27,3
1422,1994,10,28,3
1423,1994,10,29,3
1424,1994,10,30,2
1425,1994,10,31,1
1426,1994,11,1,1
1427,1994,11,2,1
1428,1994,11,3,1
1429,1994,11,4,1
1430,1994,11,5,1
1431,1994,11,6,1
1432,1994,11,7,1
1433,1994,11,8,2
1434,1994,11,9,2
1435,1994,11,10,2
1436,1994,11,11,2
1437,1994,11,12,2
1438,1994,11,13,2
1439,1994,11,14,2
1440,1994,11,15,2
1441,1994,11,16,3
1442,1994,11,17,3
1443,1994,11,18,2
1444,1994,11,19,2
1445,1994,11,20,2
1446,1994,11,21,2
1447,1994,11,22,2
1448,1994,11,23,2
1449,1994,11,24,3
1450,1994,11,25,3
1451,1994,11,26,3
1452,1994,11,27,3
1453,1994,11,28,3
1454,1994,11,29,3
1455,1994,11,30,4
1456,1995,9,1,4
1457,1995,9,2,5
1458,1995,9,3,5
1459,1995,9,4,5
1460,1995,9,5,5
1461,1995,9,6,5
1462,1995,9,7,6
1463,1995,9,8,6
1464,1995,9,9,6
1465,1995,9,10,6
1466,1995,9,11,7
1467,1995,9,12,7
1468,1995,9,13,8
1469,1995,9,14,7
1470,1995,9,15,5
1471,1995,9,16,4
1472,1995,9,17,4
1473,1995,9,18,5
1474,1995,9,19,5
1475,1995,9,20,5
1476,1995,9,21,6
1477,1995,9,22,6
1478,1995,9,23,6
1479,1995,9,24,6
1480,1995,9,25,6
1481,1995,9,26,6
1482,1995,9,27,5
1483,1995,9,28,5
1484,1995,9,29,4
1485,1995,9,30,3
1486,1995,10,1,3
1487,1995,10,2,5
1488,1995,10,3,5
1489,1995,10,4,6
1490,1995,10,5,6
1491,1995,10,6,7
1492,1995,10,7,7
1493,1995,10,8,7
1494,1995,10,9,7
1495,1995,10,10,7
1496,1995,10,11,7
1497,1995,10,12,7
1498,1995,10,13,7
1499,1995,10,14,7
1500,1995,10,15,6
1501,1995,10,16,7
1502,1995,10,17,8
1503,1995,10,18,1
1504,1995,10,19,7
1505,1995,10,20,5
1506,1995,10,21,5
1507,1995,10,22,5
1508,1995,10,23,7
1509,1995,10,24,7
1510,1995,10,25,6
1511,1995,10,26,5
1512,1995,10,27,3
1513,1995,10,28,3
1514,1995,10,29,3
1515,1995,10,30,4
1516,1995,10,31,4
1517,1995,11,1,4
1518,1995,11,2,4
1519,1995,11,3,4
1520,1995,11,4,4
1521,1995,11,5,4
1522,1995,11,6,4
1523,1995,11,7,4
1524,1995,11,8,4
1525,1995,11,9,4
1526,1995,11,10,4
1527,1995,11,11,4
1528,1995,11,12,4
1529,1995,11,13,5
1530,1995,11,14,5
1531,1995,11,15,5
1532,1995,11,16,4
1533,1995,11,17,5
1534,1995,11,18,5
1535,1995,11,19,5
1536,1995,11,20,5
1537,1995,11,21,5
1538,1995,11,22,5
1539,1995,11,23,5
1540,1995,11,24,6
1541,1995,11,25,6
1542,1995,11,26,6
1543,1995,11,27,6
1544,1995,11,28,6
1545,1995,11,29,6
1546,1995,11,30,6
1547,1996,9,1,2
1548,1996,9,2,4
1549,1996,9,3,4
1550,1996,9,4,5
1551,1996,9,5,5
1552,1996,9,6,5
1553,1996,9,7,5
1554,1996,9,8,5
1555,1996,9,9,5
1556,1996,9,10,5
1557,1996,9,11,5
1558,1996,9,12,5
1559,1996,9,13,5
1560,1996,9,14,5
1561,1996,9,15,5
1562,1996,9,16,5
1563,1996,9,17,5
1564,1996,9,18,5
1565,1996,9,19,6
1566,1996,9,20,6
1567,1996,9,21,6
1568,1996,9,22,6
1569,1996,9,23,7
1570,1996,9,24,7
1571,1996,9,25,7
1572,1996,9,26,7
1573,1996,9,27,8
1574,1996,9,28,8
1575,1996,9,29,2
1576,1996,9,30,2
1577,1996,10,1,1
1578,1996,10,2,1
1579,1996,10,3,1
1580,1996,10,4,1
1581,1996,10,5,1
1582,1996,10,6,1
1583,1996,10,7,1
1584,1996,10,8,1
1585,1996,10,9,8
1586,1996,10,10,8
1587,1996,10,11,8
1588,1996,10,12,1
1589,1996,10,13,8
1590,1996,10,14,1
1591,1996,10,15,1
1592,1996,10,16,1
1593,1996,10,17,1
1594,1996,10,18,2
1595,1996,10,19,2
1596,1996,10,20,3
1597,1996,10,21,3
1598,1996,10,22,4
1599,1996,10,23,4
1600,1996,10,24,4
1601,1996,10,25,4
1602,1996,10,26,4
1603,1996,10,27,4
1604,1996,10,28,5
1605,1996,10,29,5
1606,1996,10,30,5
1607,1996,10,31,5
1608,1996,11,1,5
1609,1996,11,2,5
1610,1996,11,3,5
1611,1996,11,4,5
1612,1996,11,5,5
1613,1996,11,6,5
1614,1996,11,7,5
1615,1996,11,8,6
1616,1996,11,9,6
1617,1996,11,10,6
1618,1996,11,11,7
1619,1996,11,12,7
1620,1996,11,13,8
1621,1996,11,14,8
1622,1996,11,15,8
1623,1996,11,16,8
1624,1996,11,17,8
1625,1996,11,18,8
1626,1996,11,19,1
1627,1996,11,20,1
1628,1996,11,21,1
1629,1996,11,22,2
1630,1996,11,23,2
1631,1996,11,24,2
1632,1996,11,25,2
1633,1996,11,26,2
1634,1996,11,27,3
1635,1996,11,28,3
1636,1996,11,29,3
1637,1996,11,30,3
1638,1997,9,1,2
1639,1997,9,2,2
1640,1997,9,3,2
1641,1997,9,4,1
1642,1997,9,5,1
1643,1997,9,6,1
1644,1997,9,7,2
1645,1997,9,8,2
1646,1997,9,9,2
1647,1997,9,10,2
1648,1997,9,11,2
1649,1997,9,12,2
1650,1997,9,13,1
1651,1997,9,14,2
1652,1997,9,15,3
1653,1997,9,16,3
1654,1997,9,17,2
1655,1997,9,18,8
1656,1997,9,19,5
1657,1997,9,20,4
1658,1997,9,21,3
1659,1997,9,22,3
1660,1997,9,23,3
1661,1997,9,24,3
1662,1997,9,25,4
1663,1997,9,26,3
1664,1997,9,27,3
1665,1997,9,28,3
1666,1997,9,29,3
1667,1997,9,30,3
1668,1997,10,1,4
1669,1997,10,2,3
1670,1997,10,3,4
1671,1997,10,4,7
1672,1997,10,5,7
1673,1997,10,6,7
1674,1997,10,7,7
1675,1997,10,8,7
1676,1997,10,9,7
1677,1997,10,10,8
1678,1997,10,11,8
1679,1997,10,12,8
1680,1997,10,13,1
1681,1997,10,14,1
1682,1997,10,15,1
1683,1997,10,16,1
1684,1997,10,17,1
1685,1997,10,18,2
1686,1997,10,19,3
1687,1997,10,20,3
1688,1997,10,21,3
1689,1997,10,22,4
1690,1997,10,23,5
1691,1997,10,24,5
1692,1997,10,25,6
1693,1997,10,26,7
1694,1997,10,27,7
1695,1997,10,28,8
1696,1997,10,29,8
1697,1997,10,30,7
1698,1997,10,31,8
1699,1997,11,1,8
1700,1997,11,2,1
1701,1997,11,3,1
1702,1997,11,4,8
1703,1997,11,5,1
1704,1997,11,6,1
1705,1997,11,7,8
1706,1997,11,8,1
1707,1997,11,9,1
1708,1997,11,10,1
1709,1997,11,11,1
1710,1997,11,12,2
1711,1997,11,13,2
1712,1997,11,14,2
1713,1997,11,15,2
1714,1997,11,16,3
1715,1997,11,17,3
1716,1997,11,18,3
1717,1997,11,19,3
1718,1997,11,20,3
1719,1997,11,21,3
1720,1997,11,22,4
1721,1997,11,23,4
1722,1997,11,24,3
1723,1997,11,25,2
1724,1997,11,26,1
1725,1997,11,27,1
1726,1997,11,28,1
1727,1997,11,29,1
1728,1997,11,30,1
1729,1998,9,1,8
1730,1998,9,2,8
1731,1998,9,3,8
1732,1998,9,4,8
1733,1998,9,5,8
1734,1998,9,6,8
1735,1998,9,7,8
1736,1998,9,8,8
1737,1998,9,9,8
1738,1998,9,10,8
1739,1998,9,11,1
1740,1998,9,12,1
1741,1998,9,13,1
1742,1998,9,14,1
1743,1998,9,15,3
1744,1998,9,16,3
1745,1998,9,17,3
1746,1998,9,18,3
1747,1998,9,19,3
1748,1998,9,20,4
1749,1998,9,21,4
1750,1998,9,22,4
1751,1998,9,23,4
1752,1998,9,24,4
1753,1998,9,25,4
1754,1998,9,26,4
1755,1998,9,27,4
1756,1998,9,28,4
1757,1998,9,29,5
1758,1998,9,30,5
1759,1998,10,1,5
1760,1998,10,2,5
1761,1998,10,3,5
1762,1998,10,4,5
1763,1998,10,5,5
1764,1998,10,6,5
1765,1998,10,7,5
1766,1998,10,8,5
1767,1998,10,9,6
1768,1998,10,10,6
1769,1998,10,11,6
1770,1998,10,12,6
1771,1998,10,13,6
1772,1998,10,14,6
1773,1998,10,15,6
1774,1998,10,16,6
1775,1998,10,17,6
1776,1998,10,18,6
1777,1998,10,19,6
1778,1998,10,20,7
1779,1998,10,21,7
1780,1998,10,22,8
1781,1998,10,23,8
1782,1998,10,24,3
1783,1998,10,25,4
1784,1998,10,26,4
1785,1998,10,27,4
1786,1998,10,28,5
1787,1998,10,29,5
1788,1998,10,30,5
1789,1998,10,31,5
1790,1998,11,1,6
1791,1998,11,2,7
1792,1998,11,3,7
1793,1998,11,4,7
1794,1998,11,5,3
1795,1998,11,6,3
1796,1998,11,7,5
1797,1998,11,8,5
1798,1998,11,9,5
1799,1998,11,10,5
1800,1998,11,11,5
1801,1998,11,12,5
1802,1998,11,13,5
1803,1998,11,14,5
1804,1998,11,15,5
1805,1998,11,16,6
1806,1998,11,17,6
1807,1998,11,18,6
1808,1998,11,19,6
1809,1998,11,20,6
1810,1998,11,21,6
1811,1998,11,22,6
1812,1998,11,23,6
1813,1998,11,24,6
1814,1998,11,25,6
1815,1998,11,26,6
1816,1998,11,27,6
1817,1998,11,28,6
1818,1998,11,29,6
1819,1998,11,30,6
1820,1999,9,1,6
1821,1999,9,2,7
1822,1999,9,3,7
1823,1999,9,4,7
1824,1999,9,5,7
1825,1999,9,6,7
1826,1999,9,7,8
1827,1999,9,8,8
1828,1999,9,9,8
1829,1999,9,10,7
1830,1999,9,11,8
1831,1999,9,12,1
1832,1999,9,13,8
1833,1999,9,14,8
1834,1999,9,15,8
1835,1999,9,16,1
1836,1999,9,17,1
1837,1999,9,18,1
1838,1999,9,19,1
1839,1999,9,20,1
1840,1999,9,21,1
1841,1999,9,22,1
1842,1999,9,23,1
1843,1999,9,24,1
1844,1999,9,25,1
1845,1999,9,26,1
1846,1999,9,27,1
1847,1999,9,28,2
1848,1999,9,29,2
1849,1999,9,30,2
1850,1999,10,1,2
1851,1999,10,2,2
1852,1999,10,3,2
1853,1999,10,4,2
1854,1999,10,5,2
1855,1999,10,6,2
1856,1999,10,7,2
1857,1999,10,8,2
1858,1999,10,9,2
1859,1999,10,10,2
1860,1999,10,11,2
1861,1999,10,12,2
1862,1999,10,13,2
1863,1999,10,14,3
1864,1999,10,15,3
1865,1999,10,16,3
1866,1999,10,17,3
1867,1999,10,18,3
1868,1999,10,19,3
1869,1999,10,20,4
1870,1999,10,21,4
1871,1999,10,22,4
1872,1999,10,23,4
1873,1999,10,24,4
1874,1999,10,25,4
1875,1999,10,26,4
1876,1999,10,27,4
1877,1999,10,28,4
1878,1999,10,29,4
1879,1999,10,30,4
1880,1999,10,31,5
1881,1999,11,1,5
1882,1999,11,2,5
1883,1999,11,3,5
1884,1999,11,4,5
1885,1999,11,5,5
1886,1999,11,6,6
1887,1999,11,7,6
1888,1999,11,8,6
1889,1999,11,9,6
1890,1999,11,10,6
1891,1999,11,11,6
1892,1999,11,12,7
1893,1999,11,13,7
1894,1999,11,14,7
1895,1999,11,15,8
1896,1999,11,16,8
1897,1999,11,17,7
1898,1999,11,18,7
1899,1999,11,19,7
1900,1999,11,20,8
1901,1999,11,21,8
1902,1999,11,22,1
1903,1999,11,23,1
1904,1999,11,24,1
1905,1999,11,25,2
1906,1999,11,26,3
1907,1999,11,27,3
1908,1999,11,28,3
1909,1999,11,29,4
1910,1999,11,30,4
1911,2000,9,1,7
1912,2000,9,2,8
1913,2000,9,3,8
1914,2000,9,4,8
1915,2000,9,5,8
1916,2000,9,6,8
1917,2000,9,7,8
1918,2000,9,8,8
1919,2000,9,9,8
1920,2000,9,10,8
1921,2000,9,11,8
1922,2000,9,12,8
1923,2000,9,13,1
1924,2000,9,14,1
1925,2000,9,15,2
1926,2000,9,16,2
1927,2000,9,17,1
1928,2000,9,18,1
1929,2000,9,19,2
1930,2000,9,20,2
1931,2000,9,21,2
1932,2000,9,22,1
1933,2000,9,23,1
1934,2000,9,24,2
1935,2000,9,25,2
1936,2000,9,26,1
1937,2000,9,27,1
1938,2000,9,28,2
1939,2000,9,29,2
1940,2000,9,30,2
1941,2000,10,1,2
1942,2000,10,2,2
1943,2000,10,3,3
1944,2000,10,4,3
1945,2000,10,5,3
1946,2000,10,6,4
1947,2000,10,7,4
1948,2000,10,8,5
1949,2000,10,9,5
1950,2000,10,10,5
1951,2000,10,11,5
1952,2000,10,12,5
1953,2000,10,13,5
1954,2000,10,14,5
1955,2000,10,15,5
1956,2000,10,16,5
1957,2000,10,17,5
1958,2000,10,18,5
1959,2000,10,19,5
1960,2000,10,20,5
1961,2000,10,21,5
1962,2000,10,22,5
1963,2000,10,23,5
1964,2000,10,24,6
1965,2000,10,25,6
1966,2000,10,26,6
1967,2000,10,27,6
1968,2000,10,28,6
1969,2000,10,29,6
1970,2000,10,30,6
1971,2000,10,31,6
1972,2000,11,1,6
1973,2000,11,2,7
1974,2000,11,3,7
1975,2000,11,4,7
1976,2000,11,5,7
1977,2000,11,6,7
1978,2000,11,7,8
1979,2000,11,8,8
1980,2000,11,9,8
1981,2000,11,10,1
1982,2000,11,11,1
1983,2000,11,12,1
1984,2000,11,13,2
1985,2000,11,14,2
1986,2000,11,15,2
1987,2000,11,16,2
1988,2000,11,17,3
1989,2000,11,18,3
1990,2000,11,19,3
1991,2000,11,20,3
1992,2000,11,21,3
1993,2000,11,22,3
1994,2000,11,23,4
1995,2000,11,24,4
1996,2000,11,25,4
1997,2000,11,26,4
1998,2000,11,27,5
1999,2000,11,28,4
2000,2000,11,29,4
2001,2000,11,30,5
2002,2001,9,1,7
2003,2001,9,2,7
2004,2001,9,3,8
2005,2001,9,4,8
2006,2001,9,5,8
2007,2001,9,6,1
2008,2001,9,7,8
2009,2001,9,8,1
2010,2001,9,9,1
2011,2001,9,10,1
2012,2001,9,11,1
2013,2001,9,12,2
2014,2001,9,13,2
2015,2001,9,14,2
2016,2001,9,15,1
2017,2001,9,16,2
2018,2001,9,17,2
2019,2001,9,18,2
2020,2001,9,19,2
2021,2001,9,20,2
2022,2001,9,21,2
2023,2001,9,22,2
2024,2001,9,23,2
2025,2001,9,24,2
2026,2001,9,25,2
2027,2001,9,26,2
2028,2001,9,27,2
2029,2001,9,28,2
2030,2001,9,29,3
2031,2001,9,30,3
2032,2001,10,1,3
2033,2001,10,2,3
2034,2001,10,3,4
2035,2001,10,4,4
2036,2001,10,5,4
2037,2001,10,6,4
2038,2001,10,7,5
2039,2001,10,8,5
2040,2001,10,9,5
2041,2001,10,10,6
2042,2001,10,11,6
2043,2001,10,12,6
2044,2001,10,13,7
2045,2001,10,14,7
2046,2001,10,15,7
2047,2001,10,16,7
2048,2001,10,17,7
2049,2001,10,18,6
2050,2001,10,19,7
2051,2001,10,20,7
2052,2001,10,21,8
2053,2001,10,22,8
2054,2001,10,23,8
2055,2001,10,24,8
2056,2001,10,25,8
2057,2001,10,26,8
2058,2001,10,27,1
2059,2001,10,28,2
2060,2001,10,29,2
2061,2001,10,30,2
2062,2001,10,31,2
2063,2001,11,1,3
2064,2001,11,2,3
2065,2001,11,3,3
2066,2001,11,4,3
2067,2001,11,5,3
2068,2001,11,6,3
2069,2001,11,7,3
2070,2001,11,8,4
2071,2001,11,9,4
2072,2001,11,10,4
2073,2001,11,11,4
2074,2001,11,12,4
2075,2001,11,13,3
2076,2001,11,14,3
2077,2001,11,15,3
2078,2001,11,16,4
2079,2001,11,17,4
2080,2001,11,18,4
2081,2001,11,19,4
2082,2001,11,20,4
2083,2001,11,21,5
2084,2001,11,22,5
2085,2001,11,23,6
2086,2001,11,24,6
2087,2001,11,25,6
2088,2001,11,26,7
2089,2001,11,27,7
2090,2001,11,28,7
2091,2001,11,29,7
2092,2001,11,30,6
2093,2002,9,1,8
2094,2002,9,2,8
2095,2002,9,3,8
2096,2002,9,4,8
2097,2002,9,5,8
2098,2002,9,6,1
2099,2002,9,7,2
2100,2002,9,8,2
2101,2002,9,9,3
2102,2002,9,10,4
2103,2002,9,11,4
2104,2002,9,12,4
2105,2002,9,13,5
2106,2002,9,14,6
2107,2002,9,15,7
2108,2002,9,16,7
2109,2002,9,17,7
2110,2002,9,18,7
2111,2002,9,19,7
2112,2002,9,20,8
2113,2002,9,21,1
2114,2002,9,22,2
2115,2002,9,23,2
2116,2002,9,24,2
2117,2002,9,25,2
2118,2002,9,26,2
2119,2002,9,27,2
2120,2002,9,28,2
2121,2002,9,29,2
2122,2002,9,30,2
2123,2002,10,1,2
2124,2002,10,2,2
2125,2002,10,3,3
2126,2002,10,4,3
2127,2002,10,5,4
2128,2002,10,6,4
2129,2002,10,7,5
2130,2002,10,8,5
2131,2002,10,9,5
2132,2002,10,10,5
2133,2002,10,11,5
2134,2002,10,12,5
2135,2002,10,13,5
2136,2002,10,14,5
2137,2002,10,15,5
2138,2002,10,16,6
2139,2002,10,17,7
2140,2002,10,18,8
2141,2002,10,19,1
2142,2002,10,20,1
2143,2002,10,21,8
2144,2002,10,22,8
2145,2002,10,23,8
2146,2002,10,24,8
2147,2002,10,25,1
2148,2002,10,26,1
2149,2002,10,27,1
2150,2002,10,28,1
2151,2002,10,29,2
2152,2002,10,30,2
2153,2002,10,31,2
2154,2002,11,1,2
2155,2002,11,2,2
2156,2002,11,3,2
2157,2002,11,4,2
2158,2002,11,5,2
2159,2002,11,6,2
2160,2002,11,7,3
2161,2002,11,8,3
2162,2002,11,9,3
2163,2002,11,10,3
2164,2002,11,11,3
2165,2002,11,12,3
2166,2002,11,13,3
2167,2002,11,14,3
2168,2002,11,15,3
2169,2002,11,16,3
2170,2002,11,17,3
2171,2002,11,18,3
2172,2002,11,19,4
2173,2002,11,20,4
2174,2002,11,21,4
2175,2002,11,22,4
2176,2002,11,23,4
2177,2002,11,24,5
2178,2002,11,25,5
2179,2002,11,26,5
2180,2002,11,27,6
2181,2002,11,28,6
2182,2002,11,29,6
2183,2002,11,30,6
2184,2003,9,1,1
2185,2003,9,2,1
2186,2003,9,3,1
2187,2003,9,4,1
2188,2003,9,5,2
2189,2003,9,6,4
2190,2003,9,7,4
2191,2003,9,8,4
2192,2003,9,9,4
2193,2003,9,10,4
2194,2003,9,11,4
2195,2003,9,12,4
2196,2003,9,13,4
2197,2003,9,14,4
2198,2003,9,15,4
2199,2003,9,16,5
2200,2003,9,17,5
2201,2003,9,18,5
2202,2003,9,19,5
2203,2003,9,20,5
2204,2003,9,21,6
2205,2003,9,22,7
2206,2003,9,23,7
2207,2003,9,24,7
2208,2003,9,25,6
2209,2003,9,26,5
2210,2003,9,27,5
2211,2003,9,28,4
2212,2003,9,29,4
2213,2003,9,30,4
2214,2003,10,1,5
2215,2003,10,2,5
2216,2003,10,3,5
2217,2003,10,4,4
2218,2003,10,5,3
2219,2003,10,6,3
2220,2003,10,7,3
2221,2003,10,8,4
2222,2003,10,9,4
2223,2003,10,10,4
2224,2003,10,11,4
2225,2003,10,12,5
2226,2003,10,13,5
2227,2003,10,14,5
2228,2003,10,15,5
2229,2003,10,16,5
2230,2003,10,17,5
2231,2003,10,18,5
2232,2003,10,19,5
2233,2003,10,20,6
2234,2003,10,21,6
2235,2003,10,22,6
2236,2003,10,23,6
2237,2003,10,24,6
2238,2003,10,25,7
2239,2003,10,26,7
2240,2003,10,27,8
2241,2003,10,28,8
2242,2003,10,29,8
2243,2003,10,30,8
2244,2003,10,31,8
2245,2003,11,1,8
2246,2003,11,2,8
2247,2003,11,3,1
2248,2003,11,4,1
2249,2003,11,5,1
2250,2003,11,6,2
2251,2003,11,7,2
2252,2003,11,8,3
2253,2003,11,9,3
2254,2003,11,10,3
2255,2003,11,11,4
2256,2003,11,12,4
2257,2003,11,13,4
2258,2003,11,14,4
2259,2003,11,15,4
2260,2003,11,16,4
2261,2003,11,17,3
2262,2003,11,18,2
2263,2003,11,19,1
2264,2003,11,20,1
2265,2003,11,21,8
2266,2003,11,22,8
2267,2003,11,23,8
2268,2003,11,24,8
2269,2003,11,25,7
2270,2003,11,26,7
2271,2003,11,27,8
2272,2003,11,28,1
2273,2003,11,29,2
2274,2003,11,30,2
2275,2004,9,1,1
2276,2004,9,2,1
2277,2004,9,3,1
2278,2004,9,4,1
2279,2004,9,5,2
2280,2004,9,6,2
2281,2004,9,7,1
2282,2004,9,8,1
2283,2004,9,9,2
2284,2004,9,10,2
2285,2004,9,11,2
2286,2004,9,12,2
2287,2004,9,13,2
2288,2004,9,14,2
2289,2004,9,15,2
2290,2004,9,16,2
2291,2004,9,17,2
2292,2004,9,18,2
2293,2004,9,19,2
2294,2004,9,20,2
2295,2004,9,21,2
2296,2004,9,22,2
2297,2004,9,23,2
2298,2004,9,24,3
2299,2004,9,25,3
2300,2004,9,26,3
2301,2004,9,27,3
2302,2004,9,28,3
2303,2004,9,29,3
2304,2004,9,30,4
2305,2004,10,1,4
2306,2004,10,2,4
2307,2004,10,3,4
2308,2004,10,4,5
2309,2004,10,5,5
2310,2004,10,6,5
2311,2004,10,7,5
2312,2004,10,8,5
2313,2004,10,9,5
2314,2004,10,10,6
2315,2004,10,11,6
2316,2004,10,12,6
2317,2004,10,13,6
2318,2004,10,14,6
2319,2004,10,15,6
2320,2004,10,16,7
2321,2004,10,17,7
2322,2004,10,18,8
2323,2004,10,19,8
2324,2004,10,20,8
2325,2004,10,21,1
2326,2004,10,22,1
2327,2004,10,23,1
2328,2004,10,24,1
2329,2004,10,25,1
2330,2004,10,26,2
2331,2004,10,27,2
2332,2004,10,28,2
2333,2004,10,29,2
2334,2004,10,30,3
2335,2004,10,31,3
2336,2004,11,1,3
2337,2004,11,2,3
2338,2004,11,3,3
2339,2004,11,4,3
2340,2004,11,5,3
2341,2004,11,6,2
2342,2004,11,7,2
2343,2004,11,8,2
2344,2004,11,9,8
2345,2004,11,10,7
2346,2004,11,11,7
2347,2004,11,12,8
2348,2004,11,13,7
2349,2004,11,14,6
2350,2004,11,15,5
2351,2004,11,16,4
2352,2004,11,17,4
2353,2004,11,18,3
2354,2004,11,19,2
2355,2004,11,20,3
2356,2004,11,21,3
2357,2004,11,22,2
2358,2004,11,23,2
2359,2004,11,24,2
2360,2004,11,25,3
2361,2004,11,26,3
2362,2004,11,27,3
2363,2004,11,28,3
2364,2004,11,29,4
2365,2004,11,30,4
2366,2005,9,1,3
2367,2005,9,2,3
2368,2005,9,3,4
2369,2005,9,4,4
2370,2005,9,5,4
2371,2005,9,6,4
2372,2005,9,7,4
2373,2005,9,8,4
2374,2005,9,9,5
2375,2005,9,10,5
2376,2005,9,11,5
2377,2005,9,12,5
2378,2005,9,13,5
2379,2005,9,14,5
2380,2005,9,15,5
2381,2005,9,16,5
2382,2005,9,17,5
2383,2005,9,18,6
2384,2005,9,19,6
2385,2005,9,20,7
2386,2005,9,21,8
2387,2005,9,22,8
2388,2005,9,23,8
2389,2005,9,24,8
2390,2005,9,25,8
2391,2005,9,26,8
2392,2005,9,27,8
2393,2005,9,28,8
2394,2005,9,29,8
2395,2005,9,30,8
2396,2005,10,1,8
2397,2005,10,2,8
2398,2005,10,3,1
2399,2005,10,4,1
2400,2005,10,5,1
2401,2005,10,6,1
2402,2005,10,7,1
2403,2005,10,8,1
2404,2005,10,9,2
2405,2005,10,10,2
2406,2005,10,11,2
2407,2005,10,12,2
2408,2005,10,13,2
2409,2005,10,14,3
2410,2005,10,15,4
2411,2005,10,16,4
2412,2005,10,17,5
2413,2005,10,18,5
2414,2005,10,19,5
2415,2005,10,20,5
2416,2005,10,21,5
2417,2005,10,22,5
2418,2005,10,23,5
2419,2005,10,24,4
2420,2005,10,25,4
2421,2005,10,26,4
2422,2005,10,27,4
2423,2005,10,28,4
2424,2005,10,29,4
2425,2005,10,30,4
2426,2005,10,31,4
2427,2005,11,1,4
2428,2005,11,2,4
2429,2005,11,3,4
2430,2005,11,4,4
2431,2005,11,5,5
2432,2005,11,6,5
2433,2005,11,7,5
2434,2005,11,8,6
2435,2005,11,9,6
2436,2005,11,10,6
2437,2005,11,11,6
2438,2005,11,12,6
2439,2005,11,13,6
2440,2005,11,14,6
2441,2005,11,15,6
2442,2005,11,16,7
2443,2005,11,17,7
2444,2005,11,18,8
2445,2005,11,19,8
2446,2005,11,20,8
2447,2005,11,21,8
2448,2005,11,22,1
2449,2005,11,23,1
2450,2005,11,24,1
2451,2005,11,25,1
2452,2005,11,26,1
2453,2005,11,27,8
2454,2005,11,28,7
2455,2005,11,29,6
2456,2005,11,30,6
2457,2006,9,1,2
2458,2006,9,2,1
2459,2006,9,3,1
2460,2006,9,4,1
2461,2006,9,5,1
2462,2006,9,6,1
2463,2006,9,7,2
2464,2006,9,8,2
2465,2006,9,9,2
2466,2006,9,10,3
2467,2006,9,11,3
2468,2006,9,12,3
2469,2006,9,13,3
2470,2006,9,14,3
2471,2006,9,15,3
2472,2006,9,16,3
2473,2006,9,17,3
2474,2006,9,18,3
2475,2006,9,19,3
2476,2006,9,20,4
2477,2006,9,21,4
2478,2006,9,22,4
2479,2006,9,23,4
2480,2006,9,24,4
2481,2006,9,25,4
2482,2006,9,26,4
2483,2006,9,27,4
2484,2006,9,28,4
2485,2006,9,29,5
2486,2006,9,30,5
2487,2006,10,1,5
2488,2006,10,2,5
2489,2006,10,3,5
2490,2006,10,4,5
2491,2006,10,5,6
2492,2006,10,6,6
2493,2006,10,7,6
2494,2006,10,8,6
2495,2006,10,9,7
2496,2006,10,10,7
2497,2006,10,11,8
2498,2006,10,12,8
2499,2006,10,13,8
2500,2006,10,14,8
2501,2006,10,15,8
2502,2006,10,16,8
2503,2006,10,17,8
2504,2006,10,18,1
2505,2006,10,19,1
2506,2006,10,20,1
2507,2006,10,21,1
2508,2006,10,22,1
2509,2006,10,23,2
2510,2006,10,24,1
2511,2006,10,25,2
2512,2006,10,26,2
2513,2006,10,27,1
2514,2006,10,28,7
2515,2006,10,29,6
2516,2006,10,30,3
2517,2006,10,31,2
2518,2006,11,1,4
2519,2006,11,2,6
2520,2006,11,3,6
2521,2006,11,4,7
2522,2006,11,5,7
2523,2006,11,6,1
2524,2006,11,7,1
2525,2006,11,8,1
2526,2006,11,9,1
2527,2006,11,10,8
2528,2006,11,11,8
2529,2006,11,12,1
2530,2006,11,13,1
2531,2006,11,14,1
2532,2006,11,15,1
2533,2006,11,16,1
2534,2006,11,17,1
2535,2006,11,18,2
2536,2006,11,19,2
2537,2006,11,20,2
2538,2006,11,21,2
2539,2006,11,22,3
2540,2006,11,23,3
2541,2006,11,24,3
2542,2006,11,25,3
2543,2006,11,26,4
2544,2006,11,27,4
2545,2006,11,28,4
2546,2006,11,29,4
2547,2006,11,30,4
2548,2007,9,1,2
2549,2007,9,2,2
2550,2007,9,3,2
2551,2007,9,4,2
2552,2007,9,5,3
2553,2007,9,6,3
2554,2007,9,7,4
2555,2007,9,8,4
2556,2007,9,9,5
2557,2007,9,10,5
2558,2007,9,11,5
2559,2007,9,12,5
2560,2007,9,13,5
2561,2007,9,14,5
2562,2007,9,15,5
2563,2007,9,16,5
2564,2007,9,17,5
2565,2007,9,18,5
2566,2007,9,19,5
2567,2007,9,20,5
2568,2007,9,21,5
2569,2007,9,22,5
2570,2007,9,23,5
2571,2007,9,24,5
2572,2007,9,25,6
2573,2007,9,26,6
2574,2007,9,27,6
2575,2007,9,28,6
2576,2007,9,29,6
2577,2007,9,30,6
2578,2007,10,1,6
2579,2007,10,2,6
2580,2007,10,3,6
2581,2007,10,4,7
2582,2007,10,5,7
2583,2007,10,6,7
2584,2007,10,7,8
2585,2007,10,8,8
2586,2007,10,9,8
2587,2007,10,10,8
2588,2007,10,11,8
2589,2007,10,12,8
2590,2007,10,13,8
2591,2007,10,14,8
2592,2007,10,15,8
2593,2007,10,16,8
2594,2007,10,17,8
2595,2007,10,18,1
2596,2007,10,19,1
2597,2007,10,20,1
2598,2007,10,21,1
2599,2007,10,22,1
2600,2007,10,23,2
2601,2007,10,24,4
2602,2007,10,25,4
2603,2007,10,26,5
2604,2007,10,27,5
2605,2007,10,28,5
2606,2007,10,29,4
2607,2007,10,30,4
2608,2007,10,31,4
2609,2007,11,1,4
2610,2007,11,2,4
2611,2007,11,3,4
2612,2007,11,4,4
2613,2007,11,5,4
2614,2007,11,6,4
2615,2007,11,7,5
2616,2007,11,8,5
2617,2007,11,9,6
2618,2007,11,10,5
2619,2007,11,11,5
2620,2007,11,12,5
2621,2007,11,13,5
2622,2007,11,14,5
2623,2007,11,15,5
2624,2007,11,16,5
2625,2007,11,17,5
2626,2007,11,18,6
2627,2007,11,19,6
2628,2007,11,20,6
2629,2007,11,21,6
2630,2007,11,22,6
2631,2007,11,23,6
2632,2007,11,24,6
2633,2007,11,25,6
2634,2007,11,26,7
2635,2007,11,27,7
2636,2007,11,28,7
2637,2007,11,29,7
2638,2007,11,30,8
2639,2008,9,1,2
2640,2008,9,2,2
2641,2008,9,3,3
2642,2008,9,4,3
2643,2008,9,5,3
2644,2008,9,6,4
2645,2008,9,7,4
2646,2008,9,8,4
2647,2008,9,9,4
2648,2008,9,10,4
2649,2008,9,11,5
2650,2008,9,12,5
2651,2008,9,13,5
2652,2008,9,14,5
2653,2008,9,15,5
2654,2008,9,16,5
2655,2008,9,17,5
2656,2008,9,18,5
2657,2008,9,19,5
2658,2008,9,20,5
2659,2008,9,21,5
2660,2008,9,22,5
2661,2008,9,23,5
2662,2008,9,24,6
2663,2008,9,25,6
2664,2008,9,26,6
2665,2008,9,27,6
2666,2008,9,28,7
2667,2008,9,29,7
2668,2008,9,30,8
2669,2008,10,1,8
2670,2008,10,2,8
2671,2008,10,3,8
2672,2008,10,4,1
2673,2008,10,5,1
2674,2008,10,6,1
2675,2008,10,7,2
2676,2008,10,8,2
2677,2008,10,9,1
2678,2008,10,10,2
2679,2008,10,11,2
2680,2008,10,12,2
2681,2008,10,13,2
2682,2008,10,14,3
2683,2008,10,15,3
2684,2008,10,16,3
2685,2008,10,17,3
2686,2008,10,18,3
2687,2008,10,19,3
2688,2008,10,20,3
2689,2008,10,21,4
2690,2008,10,22,4
2691,2008,10,23,4
2692,2008,10,24,4
2693,2008,10,25,4
2694,2008,10,26,4
2695,2008,10,27,4
2696,2008,10,28,5
2697,2008,10,29,5
2698,2008,10,30,5
2699,2008,10,31,5
2700,2008,11,1,6
2701,2008,11,2,6
2702,2008,11,3,6
2703,2008,11,4,7
2704,2008,11,5,2
2705,2008,11,6,3
2706,2008,11,7,4
2707,2008,11,8,4
2708,2008,11,9,4
2709,2008,11,10,4
2710,2008,11,11,4
2711,2008,11,12,4
2712,2008,11,13,4
2713,2008,11,14,4
2714,2008,11,15,4
2715,2008,11,16,5
2716,2008,11,17,5
2717,2008,11,18,5
2718,2008,11,19,5
2719,2008,11,20,5
2720,2008,11,21,5
2721,2008,11,22,5
2722,2008,11,23,5
2723,2008,11,24,5
2724,2008,11,25,6
2725,2008,11,26,6
2726,2008,11,27,6
2727,2008,11,28,6
2728,2008,11,29,6
2729,2008,11,30,6
2730,2009,9,1,4
2731,2009,9,2,4
2732,2009,9,3,4
2733,2009,9,4,4
2734,2009,9,5,4
2735,2009,9,6,4
2736,2009,9,7,4
2737,2009,9,8,4
2738,2009,9,9,5
2739,2009,9,10,4
2740,2009,9,11,4
2741,2009,9,12,3
2742,2009,9,13,3
2743,2009,9,14,3
2744,2009,9,15,3
2745,2009,9,16,3
2746,2009,9,17,4
2747,2009,9,18,4
2748,2009,9,19,4
2749,2009,9,20,5
2750,2009,9,21,4
2751,2009,9,22,5
2752,2009,9,23,4
2753,2009,9,24,5
2754,2009,9,25,5
2755,2009,9,26,5
2756,2009,9,27,5
2757,2009,9,28,5
2758,2009,9,29,5
2759,2009,9,30,4
2760,2009,10,1,4
2761,2009,10,2,4
2762,2009,10,3,4
2763,2009,10,4,4
2764,2009,10,5,4
2765,2009,10,6,4
2766,2009,10,7,5
2767,2009,10,8,5
2768,2009,10,9,5
2769,2009,10,10,5
2770,2009,10,11,6
2771,2009,10,12,6
2772,2009,10,13,7
2773,2009,10,14,7
2774,2009,10,15,7
2775,2009,10,16,8
2776,2009,10,17,8
2777,2009,10,18,8
2778,2009,10,19,8
2779,2009,10,20,1
2780,2009,10,21,1
2781,2009,10,22,1
2782,2009,10,23,8
2783,2009,10,24,8
2784,2009,10,25,8
2785,2009,10,26,8
2786,2009,10,27,8
2787,2009,10,28,8
2788,2009,10,29,1
2789,2009,10,30,1
2790,2009,10,31,1
2791,2009,11,1,1
2792,2009,11,2,1
2793,2009,11,3,1
2794,2009,11,4,2
2795,2009,11,5,2
2796,2009,11,6,2
2797,2009,11,7,3
2798,2009,11,8,3
2799,2009,11,9,3
2800,2009,11,10,3
2801,2009,11,11,3
2802,2009,11,12,3
2803,2009,11,13,3
2804,2009,11,14,3
2805,2009,11,15,3
2806,2009,11,16,4
2807,2009,11,17,4
2808,2009,11,18,4
2809,2009,11,19,4
2810,2009,11,20,4
2811,2009,11,21,5
2812,2009,11,22,5
2813,2009,11,23,5
2814,2009,11,24,6
2815,2009,11,25,6
2816,2009,11,26,6
2817,2009,11,27,6
2818,2009,11,28,6
2819,2009,11,29,6
2820,2009,11,30,6
2821,2010,9,1,2
2822,2010,9,2,2
2823,2010,9,3,2
2824,2010,9,4,2
2825,2010,9,5,2
2826,2010,9,6,2
2827,2010,9,7,3
2828,2010,9,8,3
2829,2010,9,9,4
2830,2010,9,10,4
2831,2010,9,11,4
2832,2010,9,12,4
2833,2010,9,13,4
2834,2010,9,14,3
2835,2010,9,15,3
2836,2010,9,16,2
2837,2010,9,17,1
2838,2010,9,18,1
2839,2010,9,19,1
2840,2010,9,20,1
2841,2010,9,21,1
2842,2010,9,22,1
2843,2010,9,23,1
2844,2010,9,24,1
2845,2010,9,25,1
2846,2010,9,26,1
2847,2010,9,27,1
2848,2010,9,28,8
2849,2010,9,29,8
2850,2010,9,30,1
2851,2010,10,1,2
2852,2010,10,2,2
2853,2010,10,3,3
2854,2010,10,4,3
2855,2010,10,5,4
2856,2010,10,6,4
2857,2010,10,7,4
2858,2010,10,8,5
2859,2010,10,9,5
2860,2010,10,10,5
2861,2010,10,11,5
2862,2010,10,12,6
2863,2010,10,13,6
2864,2010,10,14,6
2865,2010,10,15,6
2866,2010,10,16,6
2867,2010,10,17,6
2868,2010,10,18,6
2869,2010,10,19,6
2870,2010,10,20,7
2871,2010,10,21,6
2872,2010,10,22,6
2873,2010,10,23,5
2874,2010,10,24,6
2875,2010,10,25,7
2876,2010,10,26,7
2877,2010,10,27,6
2878,2010,10,28,5
2879,2010,10,29,5
2880,2010,10,30,4
2881,2010,10,31,4
2882,2010,11,1,4
2883,2010,11,2,3
2884,2010,11,3,1
2885,2010,11,4,5
2886,2010,11,5,5
2887,2010,11,6,6
2888,2010,11,7,6
2889,2010,11,8,6
2890,2010,11,9,7
2891,2010,11,10,7
2892,2010,11,11,7
2893,2010,11,12,8
2894,2010,11,13,8
2895,2010,11,14,8
2896,2010,11,15,8
2897,2010,11,16,1
2898,2010,11,17,1
2899,2010,11,18,8
2900,2010,11,19,8
2901,2010,11,20,1
2902,2010,11,21,1
2903,2010,11,22,2
2904,2010,11,23,2
2905,2010,11,24,2
2906,2010,11,25,2
2907,2010,11,26,2
2908,2010,11,27,3
2909,2010,11,28,2
2910,2010,11,29,2
2911,2010,11,30,2
2912,2011,9,1,3
2913,2011,9,2,3
2914,2011,9,3,3
2915,2011,9,4,3
2916,2011,9,5,3
2917,2011,9,6,3
2918,2011,9,7,3
2919,2011,9,8,3
2920,2011,9,9,3
2921,2011,9,10,3
2922,2011,9,11,3
2923,2011,9,12,3
2924,2011,9,13,3
2925,2011,9,14,2
2926,2011,9,15,2
2927,2011,9,16,3
2928,2011,9,17,3
2929,2011,9,18,3
2930,2011,9,19,3
2931,2011,9,20,4
2932,2011,9,21,5
2933,2011,9,22,5
2934,2011,9,23,5
2935,2011,9,24,5
2936,2011,9,25,5
2937,2011,9,26,5
2938,2011,9,27,5
2939,2011,9,28,5
2940,2011,9,29,6
2941,2011,9,30,6
2942,2011,10,1,6
2943,2011,10,2,6
2944,2011,10,3,6
2945,2011,10,4,6
2946,2011,10,5,7
2947,2011,10,6,7
2948,2011,10,7,7
2949,2011,10,8,7
2950,2011,10,9,7
2951,2011,10,10,8
2952,2011,10,11,8
2953,2011,10,12,8
2954,2011,10,13,8
2955,2011,10,14,8
2956,2011,10,15,1
2957,2011,10,16,1
2958,2011,10,17,1
2959,2011,10,18,1
2960,2011,10,19,1
2961,2011,10,20,2
2962,2011,10,21,2
2963,2011,10,22,2
2964,2011,10,23,2
2965,2011,10,24,2
2966,2011,10,25,2
2967,2011,10,26,2
2968,2011,10,27,2
2969,2011,10,28,2
2970,2011,10,29,2
2971,2011,10,30,3
2972,2011,10,31,3
2973,2011,11,1,3
2974,2011,11,2,3
2975,2011,11,3,3
2976,2011,11,4,4
2977,2011,11,5,4
2978,2011,11,6,5
2979,2011,11,7,5
2980,2011,11,8,5
2981,2011,11,9,6
2982,2011,11,10,7
2983,2011,11,11,7
2984,2011,11,12,7
2985,2011,11,13,8
2986,2011,11,14,8
2987,2011,11,15,8
2988,2011,11,16,8
2989,2011,11,17,1
2990,2011,11,18,1
2991,2011,11,19,1
2992,2011,11,20,1
2993,2011,11,21,2
2994,2011,11,22,2
2995,2011,11,23,2
2996,2011,11,24,2
2997,2011,11,25,2
2998,2011,11,26,3
2999,2011,11,27,3
3000,2011,11,28,3
3001,2011,11,29,3
3002,2011,11,30,3
3003,2012,9,1,3
3004,2012,9,2,3
3005,2012,9,3,3
3006,2012,9,4,4
3007,2012,9,5,4
3008,2012,9,6,4
3009,2012,9,7,4
3010,2012,9,8,4
3011,2012,9,9,4
3012,2012,9,10,4
3013,2012,9,11,4
3014,2012,9,12,5
3015,2012,9,13,5
3016,2012,9,14,5
3017,2012,9,15,5
3018,2012,9,16,4
3019,2012,9,17,5
3020,2012,9,18,5
3021,2012,9,19,5
3022,2012,9,20,4
3023,2012,9,21,4
3024,2012,9,22,5
3025,2012,9,23,5
3026,2012,9,24,5
3027,2012,9,25,5
3028,2012,9,26,5
3029,2012,9,27,5
3030,2012,9,28,5
3031,2012,9,29,5
3032,2012,9,30,5
3033,2012,10,1,6
3034,2012,10,2,6
3035,2012,10,3,6
3036,2012,10,4,6
3037,2012,10,5,5
3038,2012,10,6,5
3039,2012,10,7,6
3040,2012,10,8,6
3041,2012,10,9,6
3042,2012,10,10,6
3043,2012,10,11,5
3044,2012,10,12,2
3045,2012,10,13,2
3046,2012,10,14,1
3047,2012,10,15,1
3048,2012,10,16,1
3049,2012,10,17,1
3050,2012,10,18,1
3051,2012,10,19,1
3052,2012,10,20,1
3053,2012,10,21,1
3054,2012,10,22,2
3055,2012,10,23,2
3056,2012,10,24,2
3057,2012,10,25,2
3058,2012,10,26,2
3059,2012,10,27,2
3060,2012,10,28,2
3061,2012,10,29,2
3062,2012,10,30,2
3063,2012,10,31,2
3064,2012,11,1,2
3065,2012,11,2,3
3066,2012,11,3,3
3067,2012,11,4,3
3068,2012,11,5,3
3069,2012,11,6,4
3070,2012,11,7,4
3071,2012,11,8,5
3072,2012,11,9,5
3073,2012,11,10,4
3074,2012,11,11,4
3075,2012,11,12,4
3076,2012,11,13,4
3077,2012,11,14,5
3078,2012,11,15,5
3079,2012,11,16,6
3080,2012,11,17,6
3081,2012,11,18,5
3082,2012,11,19,6
3083,2012,11,20,6
3084,2012,11,21,6
3085,2012,11,22,6
3086,2012,11,23,6
3087,2012,11,24,6
3088,2012,11,25,7
3089,2012,11,26,8
3090,2012,11,27,8
3091,2012,11,28,1
3092,2012,11,29,2
3093,2012,11,30,2
3094,2013,9,1,1
3095,2013,9,2,1
3096,2013,9,3,1
3097,2013,9,4,1
3098,2013,9,5,1
3099,2013,9,6,2
3100,2013,9,7,2
3101,2013,9,8,2
3102,2013,9,9,2
3103,2013,9,10,3
3104,2013,9,11,3
3105,2013,9,12,3
3106,2013,9,13,4
3107,2013,9,14,4
3108,2013,9,15,5
3109,2013,9,16,5
3110,2013,9,17,5
3111,2013,9,18,5
3112,2013,9,19,5
3113,2013,9,20,5
3114,2013,9,21,5
3115,2013,9,22,5
3116,2013,9,23,5
3117,2013,9,24,5
3118,2013,9,25,6
3119,2013,9,26,6
3120,2013,9,27,6
3121,2013,9,28,6
3122,2013,9,29,5
3123,2013,9,30,5
3124,2013,10,1,5
3125,2013,10,2,5
3126,2013,10,3,5
3127,2013,10,4,5
3128,2013,10,5,5
3129,2013,10,6,6
3130,2013,10,7,6
3131,2013,10,8,6
3132,2013,10,9,6
3133,2013,10,10,6
3134,2013,10,11,6
3135,2013,10,12,6
3136,2013,10,13,6
3137,2013,10,14,6
3138,2013,10,15,6
3139,2013,10,16,8
3140,2013,10,17,1
3141,2013,10,18,1
3142,2013,10,19,1
3143,2013,10,20,8
3144,2013,10,21,5
3145,2013,10,22,5
3146,2013,10,23,5
3147,2013,10,24,6
3148,2013,10,25,6
3149,2013,10,26,6
3150,2013,10,27,1
3151,2013,10,28,1
3152,2013,10,29,8
3153,2013,10,30,8
3154,2013,10,31,8
3155,2013,11,1,1
3156,2013,11,2,1
3157,2013,11,3,1
3158,2013,11,4,1
3159,2013,11,5,2
3160,2013,11,6,2
3161,2013,11,7,2
3162,2013,11,8,3
3163,2013,11,9,3
3164,2013,11,10,3
3165,2013,11,11,4
3166,2013,11,12,3
3167,2013,11,13,3
3168,2013,11,14,3
3169,2013,11,15,3
3170,2013,11,16,2
3171,2013,11,17,2
3172,2013,11,18,2
3173,2013,11,19,4
3174,2013,11,20,5
3175,2013,11,21,4
3176,2013,11,22,3
3177,2013,11,23,4
3178,2013,11,24,5
3179,2013,11,25,4
3180,2013,11,26,4
3181,2013,11,27,5
3182,2013,11,28,5
3183,2013,11,29,5
3184,2013,11,30,3
3185,2014,9,1,4
3186,2014,9,2,4
3187,2014,9,3,4
3188,2014,9,4,4
3189,2014,9,5,4
3190,2014,9,6,4
3191,2014,9,7,4
3192,2014,9,8,4
3193,2014,9,9,4
3194,2014,9,10,4
3195,2014,9,11,2
3196,2014,9,12,1
3197,2014,9,13,8
3198,2014,9,14,8
3199,2014,9,15,8
3200,2014,9,16,8
3201,2014,9,17,1
3202,2014,9,18,1
3203,2014,9,19,1
3204,2014,9,20,2
3205,2014,9,21,3
3206,2014,9,22,3
3207,2014,9,23,4
3208,2014,9,24,3
3209,2014,9,25,3
3210,2014,9,26,4
3211,2014,9,27,5
3212,2014,9,28,4
3213,2014,9,29,4
3214,2014,9,30,4
3215,2014,10,1,4
3216,2014,10,2,5
3217,2014,10,3,5
3218,2014,10,4,5
3219,2014,10,5,5
3220,2014,10,6,5
3221,2014,10,7,5
3222,2014,10,8,5
3223,2014,10,9,6
3224,2014,10,10,6
3225,2014,10,11,6
3226,2014,10,12,7
3227,2014,10,13,8
3228,2014,10,14,8
3229,2014,10,15,1
3230,2014,10,16,1
3231,2014,10,17,1
3232,2014,10,18,1
3233,2014,10,19,1
3234,2014,10,20,2
3235,2014,10,21,1
3236,2014,10,22,1
3237,2014,10,23,1
3238,2014,10,24,2
3239,2014,10,25,2
3240,2014,10,26,2
3241,2014,10,27,3
3242,2014,10,28,4
3243,2014,10,29,4
3244,2014,10,30,4
3245,2014,10,31,3
3246,2014,11,1,3
3247,2014,11,2,4
3248,2014,11,3,3
3249,2014,11,4,4
3250,2014,11,5,4
3251,2014,11,6,4
3252,2014,11,7,7
3253,2014,11,8,8
3254,2014,11,9,8
3255,2014,11,10,8
3256,2014,11,11,8
3257,2014,11,12,1
3258,2014,11,13,1
3259,2014,11,14,1
3260,2014,11,15,1
3261,2014,11,16,1
3262,2014,11,17,1
3263,2014,11,18,2
3264,2014,11,19,2
3265,2014,11,20,3
3266,2014,11,21,3
3267,2014,11,22,3
3268,2014,11,23,3
3269,2014,11,24,3
3270,2014,11,25,3
3271,2014,11,26,3
3272,2014,11,27,3
3273,2014,11,28,4
3274,2014,11,29,4
3275,2014,11,30,4
3276,2015,9,1,2
3277,2015,9,2,2
3278,2015,9,3,1
3279,2015,9,4,1
3280,2015,9,5,1
3281,2015,9,6,1
3282,2015,9,7,2
3283,2015,9,8,2
3284,2015,9,9,2
3285,2015,9,10,2
3286,2015,9,11,2
3287,2015,9,12,3
3288,2015,9,13,3
3289,2015,9,14,4
3290,2015,9,15,4
3291,2015,9,16,4
3292,2015,9,17,3
3293,2015,9,18,3
3294,2015,9,19,4
3295,2015,9,20,4
3296,2015,9,21,4
3297,2015,9,22,4
3298,2015,9,23,5
3299,2015,9,24,5
3300,2015,9,25,5
3301,2015,9,26,5
3302,2015,9,27,5
3303,2015,9,28,5
3304,2015,9,29,2
3305,2015,9,30,8
3306,2015,10,1,7
3307,2015,10,2,7
3308,2015,10,3,7
3309,2015,10,4,7
3310,2015,10,5,6
3311,2015,10,6,6
3312,2015,10,7,6
3313,2015,10,8,6
3314,2015,10,9,6
3315,2015,10,10,5
3316,2015,10,11,5
3317,2015,10,12,6
3318,2015,10,13,6
3319,2015,10,14,6
3320,2015,10,15,6
3321,2015,10,16,6
3322,2015,10,17,6
3323,2015,10,18,6
3324,2015,10,19,7
3325,2015,10,20,3
3326,2015,10,21,2
3327,2015,10,22,2
3328,2015,10,23,2
3329,2015,10,24,2
3330,2015,10,25,2
3331,2015,10,26,2
3332,2015,10,27,2
3333,2015,10,28,2
3334,2015,10,29,2
3335,2015,10,30,2
3336,2015,10,31,3
3337,2015,11,1,3
3338,2015,11,2,3
3339,2015,11,3,3
3340,2015,11,4,3
3341,2015,11,5,3
3342,2015,11,6,4
3343,2015,11,7,4
3344,2015,11,8,4
3345,2015,11,9,4
3346,2015,11,10,4
3347,2015,11,11,4
3348,2015,11,12,4
3349,2015,11,13,4
3350,2015,11,14,4
3351,2015,11,15,3
3352,2015,11,16,3
3353,2015,11,17,3
3354,2015,11,18,2
3355,2015,11,19,2
3356,2015,11,20,2
3357,2015,11,21,2
3358,2015,11,22,2
3359,2015,11,23,3
3360,2015,11,24,3
3361,2015,11,25,4
3362,2015,11,26,4
3363,2015,11,27,4
3364,2015,11,28,4
3365,2015,11,29,4
3366,2015,11,30,4
3367,2016,9,1,1
3368,2016,9,2,8
3369,2016,9,3,4
3370,2016,9,4,3
3371,2016,9,5,3
3372,2016,9,6,2
3373,2016,9,7,2
3374,2016,9,8,2
3375,2016,9,9,1
3376,2016,9,10,2
3377,2016,9,11,3
3378,2016,9,12,3
3379,2016,9,13,3
3380,2016,9,14,4
3381,2016,9,15,4
3382,2016,9,16,4
3383,2016,9,17,4
3384,2016,9,18,4
3385,2016,9,19,4
3386,2016,9,20,5
3387,2016,9,21,5
3388,2016,9,22,5
3389,2016,9,23,5
3390,2016,9,24,5
3391,2016,9,25,5
3392,2016,9,26,5
3393,2016,9,27,5
3394,2016,9,28,5
3395,2016,9,29,5
3396,2016,9,30,5
3397,2016,10,1,5
3398,2016,10,2,5
3399,2016,10,3,5
3400,2016,10,4,5
3401,2016,10,5,5
3402,2016,10,6,5
3403,2016,10,7,4
3404,2016,10,8,5
3405,2016,10,9,5
3406,2016,10,10,6
3407,2016,10,11,6
3408,2016,10,12,6
3409,2016,10,13,5
3410,2016,10,14,6
3411,2016,10,15,6
3412,2016,10,16,6
3413,2016,10,17,6
3414,2016,10,18,6
3415,2016,10,19,6
3416,2016,10,20,3
3417,2016,10,21,2
3418,2016,10,22,2
3419,2016,10,23,2
3420,2016,10,24,7
3421,2016,10,25,7
3422,2016,10,26,7
3423,2016,10,27,7
3424,2016,10,28,7
3425,2016,10,29,6
3426,2016,10,30,7
3427,2016,10,31,6
3428,2016,11,1,5
3429,2016,11,2,5
3430,2016,11,3,5
3431,2016,11,4,5
3432,2016,11,5,5
3433,2016,11,6,6
3434,2016,11,7,6
3435,2016,11,8,7
3436,2016,11,9,7
3437,2016,11,10,7
3438,2016,11,11,7
3439,2016,11,12,8
3440,2016,11,13,8
3441,2016,11,14,8
3442,2016,11,15,8
3443,2016,11,16,1
3444,2016,11,17,1
3445,2016,11,18,1
3446,2016,11,19,2
3447,2016,11,20,2
3448,2016,11,21,2
3449,2016,11,22,2
3450,2016,11,23,3
3451,2016,11,24,3
3452,2016,11,25,3
3453,2016,11,26,3
3454,2016,11,27,3
3455,2016,11,28,3
3456,2016,11,29,3
3457,2016,11,30,1
3458,2017,9,1,4
3459,2017,9,2,4
3460,2017,9,3,4
3461,2017,9,4,4
3462,2017,9,5,4
3463,2017,9,6,2
3464,2017,9,7,1
3465,2017,9,8,2
3466,2017,9,9,2
3467,2017,9,10,2
3468,2017,9,11,2
3469,2017,9,12,2
3470,2017,9,13,3
3471,2017,9,14,3
3472,2017,9,15,3
3473,2017,9,16,3
3474,2017,9,17,4
3475,2017,9,18,4
3476,2017,9,19,5
3477,2017,9,20,6
3478,2017,9,21,5
3479,2017,9,22,6
3480,2017,9,23,6
3481,2017,9,24,7
3482,2017,9,25,7
3483,2017,9,26,7
3484,2017,9,27,6
3485,2017,9,28,6
3486,2017,9,29,6
3487,2017,9,30,6
3488,2017,10,1,6
3489,2017,10,2,6
3490,2017,10,3,8
3491,2017,10,4,1
3492,2017,10,5,2
3493,2017,10,6,3
3494,2017,10,7,4
3495,2017,10,8,4
3496,2017,10,9,4
3497,2017,10,10,4
3498,2017,10,11,4
3499,2017,10,12,5
3500,2017,10,13,5
3501,2017,10,14,5
3502,2017,10,15,5
3503,2017,10,16,5
3504,2017,10,17,5
3505,2017,10,18,5
3506,2017,10,19,5
3507,2017,10,20,6
3508,2017,10,21,6
3509,2017,10,22,6
3510,2017,10,23,6
3511,2017,10,24,7
3512,2017,10,25,7
3513,2017,10,26,7
3514,2017,10,27,7
3515,2017,10,28,7
3516,2017,10,29,7
3517,2017,10,30,7
3518,2017,10,31,7
3519,2017,11,1,8
3520,2017,11,2,8
3521,2017,11,3,1
3522,2017,11,4,1
3523,2017,11,5,1
3524,2017,11,6,2
3525,2017,11,7,2
3526,2017,11,8,3
3527,2017,11,9,4
3528,2017,11,10,5
3529,2017,11,11,5
3530,2017,11,12,6
3531,2017,11,13,6
3532,2017,11,14,7
3533,2017,11,15,7
3534,2017,11,16,7
3535,2017,11,17,6
3536,2017,11,18,5
3537,2017,11,19,6
3538,2017,11,20,6
3539,2017,11,21,6
3540,2017,11,22,2
3541,2017,11,23,3
3542,2017,11,24,3
3543,2017,11,25,3
3544,2017,11,26,4
3545,2017,11,27,4
3546,2017,11,28,3
3547,2017,11,29,4
3548,2017,11,30,4
3549,2018,9,1,5
3550,2018,9,2,5
3551,2018,9,3,2
3552,2018,9,4,8
3553,2018,9,5,8
3554,2018,9,6,8
3555,2018,9,7,8
3556,2018,9,8,1
3557,2018,9,9,1
3558,2018,9,10,8
3559,2018,9,11,1
3560,2018,9,12,1
3561,2018,9,13,2
3562,2018,9,14,3
3563,2018,9,15,3
3564,2018,9,16,3
3565,2018,9,17,3
3566,2018,9,18,4
3567,2018,9,19,4
3568,2018,9,20,4
3569,2018,9,21,7
3570,2018,9,22,8
3571,2018,9,23,8
3572,2018,9,24,8
3573,2018,9,25,8
3574,2018,9,26,8
3575,2018,9,27,8
3576,2018,9,28,8
3577,2018,9,29,8
3578,2018,9,30,8
3579,2018,10,1,1
3580,2018,10,2,1
3581,2018,10,3,1
3582,2018,10,4,1
3583,2018,10,5,1
3584,2018,10,6,1
3585,2018,10,7,1
3586,2018,10,8,2
3587,2018,10,9,2
3588,2018,10,10,2
3589,2018,10,11,2
3590,2018,10,12,2
3591,2018,10,13,2
3592,2018,10,14,3
3593,2018,10,15,3
3594,2018,10,16,3
3595,2018,10,17,4
3596,2018,10,18,4
3597,2018,10,19,5
3598,2018,10,20,6
3599,2018,10,21,7
3600,2018,10,22,5
3601,2018,10,23,5
3602,2018,10,24,6
3603,2018,10,25,6
3604,2018,10,26,7
3605,2018,10,27,7
3606,2018,10,28,7
3607,2018,10,29,7
3608,2018,10,30,8
3609,2018,10,31,1
3610,2018,11,1,1
3611,2018,11,2,2
3612,2018,11,3,2
3613,2018,11,4,2
3614,2018,11,5,2
3615,2018,11,6,3
3616,2018,11,7,3
3617,2018,11,8,3
3618,2018,11,9,4
3619,2018,11,10,4
3620,2018,11,11,4
3621,2018,11,12,4
3622,2018,11,13,5
3623,2018,11,14,5
3624,2018,11,15,5
3625,2018,11,16,5
3626,2018,11,17,5
3627,2018,11,18,5
3628,2018,11,19,5
3629,2018,11,20,5
3630,2018,11,21,5
3631,2018,11,22,6
3632,2018,11,23,6
3633,2018,11,24,6
3634,2018,11,25,7
3635,2018,11,26,7
3636,2018,11,27,7
3637,2018,11,28,7
3638,2018,11,29,8
3639,2018,11,30,8
